# relative_time, cycles_done, cur_item, corpus_count, pending_total, pending_favs, map_size, saved_crashes, saved_hangs, max_depth, execs_per_sec, total_execs, edges_found
61, 0, 0, 1123, 1123, 2, 7.17%, 1, 0, 2, 806.34, 50216, 4702
66, 0, 681, 1145, 1144, 267, 7.19%, 1, 0, 2, 813.50, 54273, 4710
71, 0, 681, 1167, 1166, 267, 7.25%, 1, 0, 3, 882.44, 58918, 4753
76, 0, 681, 1187, 1186, 267, 7.26%, 1, 0, 3, 883.09, 63410, 4759
81, 0, 681, 1201, 1200, 267, 7.28%, 1, 0, 3, 895.49, 67928, 4773
86, 0, 681, 1211, 1210, 267, 7.28%, 1, 0, 3, 904.06, 72453, 4773
91, 0, 681, 1222, 1221, 267, 7.29%, 1, 0, 3, 849.68, 76779, 4775
96, 0, 681, 1231, 1230, 267, 7.29%, 1, 0, 3, 867.65, 81160, 4778
101, 0, 681, 1239, 1238, 267, 7.30%, 1, 0, 3, 878.06, 85653, 4782
106, 0, 1178, 1250, 1248, 275, 7.30%, 1, 0, 3, 800.52, 89744, 4782
111, 0, 756, 1260, 1257, 274, 7.30%, 1, 0, 4, 815.57, 93838, 4782
116, 0, 756, 1268, 1265, 274, 7.30%, 1, 0, 4, 850.29, 98155, 4784
121, 0, 756, 1273, 1270, 274, 7.30%, 1, 0, 4, 883.12, 102627, 4785
127, 0, 756, 1279, 1276, 274, 7.31%, 1, 0, 4, 889.87, 107191, 4792
132, 0, 756, 1283, 1280, 274, 7.31%, 1, 0, 4, 890.91, 111809, 4792
137, 0, 756, 1292, 1289, 274, 7.32%, 1, 0, 4, 884.28, 116377, 4794
142, 0, 756, 1296, 1293, 274, 7.32%, 1, 0, 4, 902.88, 121055, 4795
147, 0, 756, 1301, 1298, 274, 7.32%, 1, 0, 4, 888.70, 125501, 4796
152, 0, 756, 1332, 1329, 274, 7.33%, 1, 0, 4, 853.77, 129752, 4801
157, 0, 1333, 1341, 1337, 287, 7.33%, 1, 0, 4, 829.67, 133914, 4801
162, 0, 1333, 1355, 1351, 287, 7.33%, 1, 0, 4, 832.28, 138044, 4803
167, 0, 1333, 1365, 1361, 287, 7.33%, 1, 0, 4, 845.91, 142466, 4805
173, 0, 1333, 1371, 1367, 287, 7.34%, 1, 0, 4, 797.94, 146556, 4808
178, 0, 1333, 1377, 1373, 287, 7.34%, 1, 0, 4, 817.55, 150822, 4811
183, 0, 1333, 1383, 1379, 287, 7.34%, 1, 0, 4, 805.79, 155056, 4811
188, 0, 1333, 1391, 1387, 287, 7.34%, 1, 0, 4, 809.72, 159224, 4811
193, 0, 1333, 1395, 1391, 287, 7.34%, 1, 0, 4, 794.91, 163127, 4811
198, 0, 1333, 1409, 1405, 287, 7.34%, 1, 0, 4, 848.64, 167414, 4812
203, 0, 1338, 1424, 1419, 290, 7.35%, 1, 0, 4, 900.25, 172217, 4815
208, 0, 982, 1429, 1423, 288, 7.35%, 1, 0, 4, 809.34, 176257, 4817
213, 0, 332, 1450, 1443, 288, 7.35%, 1, 0, 4, 770.95, 180201, 4819
219, 0, 332, 1477, 1470, 288, 7.40%, 1, 0, 4, 728.76, 183873, 4848
224, 0, 1014, 1478, 1469, 287, 7.40%, 1, 0, 4, 819.44, 188511, 4848
229, 0, 1014, 1500, 1491, 287, 7.42%, 1, 0, 4, 773.67, 192346, 4864
234, 0, 1014, 1513, 1504, 287, 7.42%, 1, 0, 4, 782.18, 196277, 4865
239, 0, 1014, 1529, 1520, 287, 7.46%, 1, 0, 4, 820.71, 200444, 4888
244, 0, 1014, 1543, 1534, 287, 7.48%, 1, 0, 4, 831.12, 204766, 4902
249, 0, 1014, 1549, 1540, 287, 7.48%, 1, 0, 4, 811.21, 208840, 4902
254, 0, 1014, 1561, 1552, 287, 7.49%, 1, 0, 4, 828.98, 213036, 4910
259, 0, 1054, 1568, 1558, 295, 7.51%, 1, 0, 4, 165.10, 215286, 4923
264, 0, 1054, 1568, 1558, 295, 7.51%, 1, 0, 4, 161.04, 216099, 4923
269, 0, 1054, 1568, 1558, 295, 7.51%, 1, 0, 4, 160.21, 216889, 4923
274, 0, 837, 1574, 1562, 295, 7.51%, 1, 0, 4, 714.89, 221404, 4924
279, 0, 837, 1592, 1580, 295, 7.52%, 1, 0, 4, 785.30, 225405, 4930
284, 0, 837, 1607, 1595, 295, 7.52%, 1, 0, 4, 804.12, 229479, 4931
289, 0, 837, 1616, 1604, 295, 7.52%, 1, 0, 4, 811.90, 233590, 4931
295, 0, 837, 1622, 1610, 295, 7.53%, 1, 0, 4, 811.60, 237696, 4932
300, 0, 837, 1635, 1623, 295, 7.53%, 1, 0, 4, 811.85, 241787, 4933
305, 0, 837, 1643, 1631, 295, 7.53%, 1, 0, 4, 815.56, 245923, 4938
310, 0, 837, 1667, 1655, 295, 7.57%, 1, 0, 4, 807.37, 249979, 4958
315, 0, 1643, 1674, 1661, 295, 7.57%, 1, 0, 4, 772.91, 253928, 4960
320, 0, 1643, 1692, 1679, 295, 7.58%, 1, 0, 4, 813.42, 258054, 4966
325, 0, 1643, 1697, 1684, 295, 7.58%, 1, 0, 4, 687.93, 261677, 4966
330, 0, 1643, 1708, 1695, 295, 7.58%, 1, 0, 4, 750.70, 265557, 4970
335, 0, 1643, 1712, 1699, 295, 7.58%, 1, 0, 4, 799.65, 269603, 4970
340, 0, 1643, 1719, 1706, 295, 7.59%, 1, 0, 4, 787.55, 273519, 4971
345, 0, 1643, 1725, 1712, 295, 7.59%, 1, 0, 4, 820.84, 277678, 4972
350, 0, 1695, 1732, 1718, 295, 7.59%, 1, 0, 5, 746.72, 281466, 4972
355, 0, 1695, 1748, 1734, 295, 7.59%, 1, 0, 5, 711.50, 285050, 4973
360, 0, 1695, 1757, 1743, 295, 7.59%, 1, 0, 5, 713.55, 288655, 4977
365, 0, 1695, 1764, 1750, 295, 7.60%, 1, 0, 5, 743.50, 292540, 4978
370, 0, 1695, 1774, 1760, 295, 7.60%, 1, 0, 5, 753.31, 296340, 4979
375, 0, 1695, 1775, 1761, 295, 7.60%, 1, 0, 5, 725.09, 299883, 4979
381, 0, 1695, 1781, 1767, 295, 7.60%, 1, 0, 5, 748.25, 303677, 4979
386, 0, 1763, 1784, 1769, 305, 7.60%, 1, 0, 5, 762.33, 307654, 4979
391, 0, 1763, 1813, 1798, 305, 7.64%, 1, 0, 6, 737.64, 311303, 5010
396, 0, 1763, 1825, 1810, 305, 7.65%, 1, 0, 6, 753.27, 315145, 5013
401, 0, 1763, 1835, 1820, 305, 7.66%, 1, 0, 6, 750.31, 318935, 5023
406, 0, 1763, 1850, 1835, 305, 7.67%, 1, 0, 6, 757.18, 322730, 5025
411, 0, 1763, 1855, 1840, 305, 7.67%, 1, 0, 6, 752.54, 326515, 5025
416, 0, 1763, 1860, 1845, 305, 7.68%, 1, 0, 6, 758.43, 330375, 5035
421, 0, 1763, 1873, 1858, 305, 7.69%, 1, 0, 6, 757.11, 334207, 5038
426, 0, 1763, 1890, 1875, 305, 7.69%, 1, 0, 6, 690.96, 337618, 5038
431, 0, 1763, 1897, 1882, 305, 7.69%, 1, 0, 6, 709.92, 341181, 5039
436, 0, 973, 1898, 1881, 312, 7.69%, 1, 0, 6, 936.38, 346271, 5039
441, 0, 1741, 1900, 1882, 311, 7.69%, 1, 0, 6, 758.74, 349872, 5039
447, 0, 1857, 1908, 1889, 310, 7.69%, 1, 0, 7, 716.37, 353509, 5039
452, 0, 1857, 1941, 1922, 310, 7.72%, 1, 0, 7, 724.78, 357282, 5060
458, 0, 1857, 1958, 1939, 310, 7.73%, 1, 1, 7, 55.64, 360987, 5069
463, 0, 1857, 1972, 1953, 310, 7.74%, 1, 1, 7, 707.65, 364547, 5070
468, 0, 1857, 1976, 1957, 310, 7.74%, 1, 1, 7, 723.89, 368197, 5071
473, 0, 1857, 1980, 1961, 310, 7.74%, 2, 1, 7, 696.79, 371699, 5071
478, 0, 1857, 1986, 1967, 310, 7.74%, 2, 1, 7, 722.48, 375352, 5072
483, 0, 1857, 1994, 1975, 310, 7.74%, 2, 1, 7, 702.10, 378877, 5073
488, 0, 1857, 2007, 1988, 310, 7.74%, 2, 1, 7, 724.56, 382657, 5074
494, 0, 1897, 2013, 1993, 308, 7.74%, 2, 1, 7, 825.78, 386993, 5074
499, 0, 1897, 2015, 1995, 308, 7.74%, 2, 1, 7, 875.32, 391609, 5074
504, 0, 1897, 2015, 1995, 308, 7.74%, 2, 1, 7, 864.45, 395944, 5074
509, 0, 1897, 2016, 1996, 308, 7.74%, 2, 1, 7, 859.87, 400388, 5074
514, 0, 1897, 2016, 1996, 308, 7.74%, 2, 1, 7, 853.49, 404741, 5074
519, 0, 1897, 2016, 1996, 308, 7.74%, 2, 1, 7, 861.00, 409127, 5074
524, 0, 1331, 2017, 1995, 304, 7.74%, 2, 1, 7, 848.55, 413488, 5074
529, 0, 1959, 2019, 1996, 304, 7.74%, 3, 1, 7, 740.50, 417312, 5074
534, 0, 1959, 2030, 2007, 304, 7.74%, 3, 1, 8, 666.00, 420515, 5074
540, 0, 1959, 2040, 2017, 304, 7.75%, 4, 1, 8, 672.79, 423408, 5077
545, 0, 1959, 2046, 2023, 304, 7.75%, 4, 1, 8, 672.12, 426765, 5077
550, 0, 1959, 2051, 2028, 304, 7.75%, 5, 1, 8, 666.52, 430220, 5077
555, 0, 1959, 2058, 2035, 304, 7.75%, 5, 1, 8, 627.61, 433432, 5078
560, 0, 1959, 2062, 2039, 304, 7.75%, 5, 1, 8, 665.36, 436888, 5080
565, 0, 1959, 2066, 2043, 304, 7.75%, 5, 1, 8, 634.95, 440100, 5080
570, 0, 1959, 2071, 2048, 304, 7.75%, 5, 1, 8, 632.14, 443375, 5081
575, 0, 1959, 2079, 2056, 304, 7.75%, 5, 1, 8, 611.38, 446395, 5082
580, 0, 2021, 2080, 2056, 307, 7.75%, 5, 1, 8, 691.82, 450109, 5082
586, 0, 1266, 2086, 2061, 306, 7.75%, 5, 1, 9, 705.25, 453749, 5082
591, 0, 2025, 2092, 2066, 306, 7.75%, 5, 1, 9, 654.55, 457098, 5082
596, 0, 2025, 2099, 2073, 306, 7.75%, 5, 1, 9, 675.18, 460501, 5082
601, 0, 2025, 2105, 2079, 306, 7.75%, 5, 1, 9, 665.92, 463859, 5082
606, 0, 2025, 2110, 2084, 306, 7.76%, 5, 1, 9, 685.01, 467417, 5084
611, 0, 2025, 2115, 2089, 306, 7.76%, 6, 1, 9, 661.61, 470742, 5084
616, 0, 2025, 2118, 2092, 306, 7.76%, 6, 1, 9, 664.50, 474091, 5084
621, 0, 2025, 2120, 2094, 306, 7.76%, 6, 1, 9, 663.33, 477563, 5084
626, 0, 2025, 2123, 2097, 306, 7.76%, 6, 1, 9, 672.65, 481074, 5084
632, 0, 1810, 2127, 2100, 302, 7.76%, 6, 1, 9, 643.37, 484378, 5084
637, 0, 1810, 2147, 2120, 302, 7.76%, 6, 1, 9, 713.54, 488028, 5084
642, 0, 1810, 2155, 2128, 302, 7.76%, 6, 1, 9, 692.61, 491593, 5088
647, 0, 1810, 2158, 2131, 302, 7.77%, 6, 1, 9, 656.66, 494864, 5090
652, 0, 1810, 2164, 2137, 302, 7.77%, 6, 1, 9, 714.69, 498605, 5090
657, 0, 1810, 2168, 2141, 302, 7.77%, 6, 1, 9, 731.94, 502301, 5090
662, 0, 1810, 2172, 2145, 302, 7.77%, 6, 1, 9, 705.30, 505857, 5090
667, 0, 1810, 2172, 2145, 302, 7.77%, 6, 1, 9, 734.43, 509647, 5090
672, 0, 2097, 2178, 2150, 305, 7.77%, 6, 1, 10, 716.78, 513237, 5090
677, 0, 2097, 2182, 2154, 305, 7.77%, 6, 1, 10, 688.79, 516884, 5090
682, 0, 2097, 2185, 2157, 305, 7.77%, 6, 1, 10, 731.03, 520636, 5095
688, 0, 2097, 2186, 2158, 305, 7.77%, 6, 1, 10, 743.52, 524507, 5095
693, 0, 2097, 2187, 2159, 305, 7.77%, 6, 1, 10, 734.63, 528182, 5095
698, 0, 2097, 2187, 2159, 305, 7.77%, 7, 1, 10, 745.74, 531921, 5095
703, 0, 2097, 2188, 2160, 305, 7.77%, 7, 1, 10, 695.58, 535387, 5095
708, 0, 2184, 2192, 2163, 309, 7.77%, 7, 1, 10, 695.57, 539018, 5095
713, 0, 2184, 2197, 2168, 309, 7.78%, 7, 1, 11, 741.57, 542817, 5096
718, 0, 2184, 2202, 2173, 309, 7.79%, 7, 1, 11, 757.71, 546615, 5103
723, 0, 2184, 2205, 2176, 309, 7.79%, 7, 1, 11, 766.80, 550536, 5103
728, 0, 2184, 2207, 2178, 309, 7.79%, 7, 1, 11, 746.49, 554297, 5103
733, 0, 2184, 2209, 2180, 309, 7.79%, 7, 1, 11, 751.64, 558079, 5105
738, 0, 2184, 2211, 2182, 309, 7.79%, 7, 1, 11, 765.74, 561903, 5106
743, 0, 2184, 2214, 2185, 309, 7.79%, 7, 1, 11, 772.08, 565803, 5106
748, 0, 2196, 2217, 2187, 311, 7.79%, 7, 1, 11, 802.04, 570047, 5108
753, 0, 2116, 2219, 2188, 311, 7.79%, 7, 1, 12, 720.26, 573565, 5108
758, 0, 2116, 2223, 2192, 311, 7.79%, 7, 1, 12, 763.15, 577457, 5108
763, 0, 2116, 2224, 2193, 311, 7.79%, 7, 1, 12, 755.19, 581274, 5108
768, 0, 2116, 2227, 2196, 311, 7.79%, 8, 1, 12, 747.93, 585053, 5108
773, 0, 2116, 2228, 2197, 311, 7.79%, 8, 1, 12, 767.33, 588907, 5108
778, 0, 2116, 2228, 2197, 311, 7.79%, 8, 1, 12, 733.76, 592566, 5108
784, 0, 2116, 2229, 2198, 311, 7.79%, 8, 1, 12, 747.48, 596465, 5108
789, 0, 2116, 2234, 2203, 311, 7.80%, 8, 1, 12, 696.63, 600018, 5110
794, 0, 2116, 2241, 2210, 311, 7.80%, 8, 1, 12, 674.86, 603264, 5110
799, 0, 2109, 2250, 2218, 314, 7.81%, 8, 1, 12, 709.02, 606929, 5120
804, 0, 2109, 2257, 2225, 314, 7.81%, 8, 1, 12, 728.69, 610744, 5120
809, 0, 2109, 2267, 2235, 314, 7.82%, 8, 1, 12, 699.03, 614206, 5124
814, 0, 2109, 2271, 2239, 314, 7.82%, 8, 1, 12, 729.07, 618010, 5124
819, 0, 2109, 2278, 2246, 314, 7.82%, 8, 1, 12, 719.69, 621643, 5125
824, 0, 2109, 2280, 2248, 314, 7.82%, 8, 1, 12, 722.25, 625269, 5125
830, 0, 686, 2284, 2251, 317, 7.82%, 8, 1, 12, 908.15, 630267, 5125
835, 0, 2252, 2286, 2252, 315, 7.82%, 8, 1, 12, 760.52, 634141, 5125
840, 0, 2252, 2290, 2256, 315, 7.82%, 8, 1, 12, 705.44, 637619, 5125
845, 0, 2252, 2294, 2260, 315, 7.82%, 8, 1, 12, 683.75, 641093, 5126
850, 0, 2252, 2295, 2261, 315, 7.82%, 8, 1, 12, 667.53, 644558, 5126
855, 0, 2252, 2299, 2265, 315, 7.82%, 9, 1, 12, 642.80, 647757, 5126
860, 0, 2252, 2302, 2268, 315, 7.82%, 9, 1, 12, 687.00, 651290, 5126
865, 0, 2252, 2304, 2270, 315, 7.82%, 9, 1, 12, 685.77, 654801, 5126
870, 0, 2252, 2305, 2271, 315, 7.82%, 10, 1, 12, 701.79, 658368, 5126
875, 0, 2201, 2306, 2271, 315, 7.82%, 11, 1, 12, 687.47, 661832, 5126
880, 0, 2201, 2309, 2274, 315, 7.82%, 11, 1, 12, 700.30, 665428, 5126
885, 0, 2201, 2312, 2277, 315, 7.82%, 11, 1, 12, 674.80, 668751, 5126
890, 0, 2201, 2313, 2278, 315, 7.82%, 11, 1, 12, 700.63, 672276, 5126
895, 0, 2201, 2316, 2281, 315, 7.82%, 11, 1, 12, 713.88, 675895, 5127
900, 0, 2201, 2317, 2282, 315, 7.82%, 11, 1, 12, 702.48, 679472, 5127
905, 0, 2201, 2319, 2284, 315, 7.82%, 11, 1, 12, 683.70, 682892, 5127
911, 0, 2201, 2321, 2286, 315, 7.82%, 11, 1, 12, 668.50, 686413, 5127
916, 0, 2201, 2328, 2293, 315, 7.82%, 11, 1, 12, 682.38, 689929, 5127
921, 0, 2077, 2329, 2292, 313, 7.82%, 11, 1, 12, 767.94, 693946, 5128
926, 0, 2077, 2336, 2299, 313, 7.84%, 11, 1, 12, 647.75, 696960, 5136
931, 0, 2077, 2345, 2308, 313, 7.85%, 11, 1, 12, 631.84, 700107, 5143
936, 0, 2077, 2348, 2311, 313, 7.85%, 11, 1, 12, 639.82, 703416, 5143
941, 0, 2077, 2352, 2315, 313, 7.85%, 11, 1, 12, 623.22, 706492, 5146
946, 0, 2077, 2354, 2317, 313, 7.85%, 11, 1, 12, 611.14, 709578, 5146
951, 0, 2077, 2357, 2320, 313, 7.85%, 11, 1, 12, 634.21, 712875, 5146
956, 0, 2077, 2358, 2321, 313, 7.85%, 11, 1, 12, 638.39, 716158, 5146
962, 0, 2077, 2361, 2324, 313, 7.85%, 11, 1, 12, 606.49, 719347, 5147
967, 0, 887, 2362, 2324, 317, 7.85%, 11, 1, 12, 627.21, 722414, 5147
972, 0, 2299, 2364, 2325, 316, 7.85%, 11, 1, 12, 688.00, 726089, 5147
977, 0, 2299, 2367, 2328, 316, 7.85%, 11, 1, 12, 727.66, 729792, 5147
982, 0, 2299, 2370, 2331, 316, 7.85%, 11, 1, 12, 695.19, 733191, 5147
987, 0, 2299, 2370, 2331, 316, 7.85%, 11, 1, 12, 753.06, 737172, 5147
992, 0, 2299, 2373, 2334, 316, 7.86%, 11, 1, 12, 759.87, 741018, 5148
997, 0, 2299, 2374, 2335, 316, 7.86%, 11, 1, 12, 751.98, 744805, 5148
1002, 0, 2299, 2376, 2337, 316, 7.86%, 11, 1, 12, 733.16, 748155, 5148
1007, 0, 2299, 2380, 2341, 316, 7.86%, 11, 1, 12, 717.37, 751919, 5148
1012, 0, 2284, 2382, 2342, 315, 7.86%, 11, 1, 12, 662.62, 755200, 5154
1017, 0, 2295, 2387, 2346, 313, 7.86%, 11, 1, 12, 669.76, 758641, 5154
1022, 0, 2295, 2395, 2354, 313, 7.86%, 11, 1, 12, 692.73, 762216, 5154
1028, 0, 2295, 2400, 2359, 313, 7.86%, 11, 1, 12, 721.89, 766036, 5154
1033, 0, 2295, 2402, 2361, 313, 7.86%, 11, 1, 12, 712.04, 769606, 5154
1038, 0, 2295, 2403, 2362, 313, 7.86%, 11, 1, 12, 717.49, 773183, 5154
1043, 0, 2295, 2407, 2366, 313, 7.86%, 11, 1, 12, 704.31, 776712, 5154
1048, 0, 2295, 2412, 2371, 313, 7.86%, 11, 1, 12, 707.80, 780303, 5154
1053, 0, 2295, 2412, 2371, 313, 7.86%, 11, 1, 12, 674.84, 783669, 5154
1058, 0, 2070, 2412, 2370, 313, 7.86%, 11, 1, 12, 648.35, 786961, 5154
1063, 0, 2070, 2425, 2383, 313, 7.88%, 11, 1, 12, 632.24, 790086, 5163
1068, 0, 2070, 2430, 2388, 313, 7.88%, 12, 1, 12, 621.82, 793194, 5166
1073, 0, 2070, 2431, 2389, 313, 7.88%, 12, 1, 12, 633.90, 796369, 5166
1078, 0, 2070, 2433, 2391, 313, 7.88%, 12, 1, 12, 632.54, 799539, 5167
1083, 0, 2070, 2434, 2392, 313, 7.88%, 12, 1, 12, 658.58, 802921, 5167
1088, 0, 2070, 2435, 2393, 313, 7.88%, 12, 1, 12, 655.46, 806230, 5167
1093, 0, 2070, 2435, 2393, 313, 7.88%, 12, 1, 12, 655.04, 809545, 5167
1098, 0, 2070, 2436, 2394, 313, 7.88%, 12, 1, 12, 638.40, 812760, 5167
1103, 0, 2227, 2446, 2403, 315, 7.90%, 12, 1, 12, 637.32, 816001, 5176
1109, 0, 2227, 2453, 2410, 315, 7.90%, 12, 1, 12, 664.68, 819530, 5177
1114, 0, 2227, 2456, 2413, 315, 7.90%, 12, 1, 12, 663.92, 822879, 5177
1119, 0, 2227, 2461, 2418, 315, 7.91%, 12, 1, 12, 678.09, 826255, 5181
1124, 0, 2227, 2464, 2421, 315, 7.91%, 12, 1, 12, 671.65, 829760, 5181
1129, 0, 2227, 2468, 2425, 315, 7.91%, 12, 1, 12, 670.77, 833129, 5181
1134, 0, 2227, 2472, 2429, 315, 7.91%, 12, 1, 12, 654.99, 836498, 5185
1139, 0, 2227, 2473, 2430, 315, 7.91%, 12, 1, 12, 670.95, 839896, 5185
1144, 0, 2313, 2474, 2430, 317, 7.91%, 12, 1, 13, 691.59, 843357, 5185
1149, 0, 2313, 2476, 2432, 317, 7.91%, 12, 1, 13, 701.07, 846860, 5185
1154, 0, 1637, 2477, 2432, 317, 7.91%, 12, 1, 13, 710.57, 850445, 5185
1160, 0, 2390, 2478, 2432, 316, 7.91%, 12, 1, 13, 704.72, 854336, 5185
1165, 0, 2390, 2485, 2439, 316, 7.91%, 12, 1, 13, 710.20, 857885, 5186
1170, 0, 2390, 2488, 2442, 316, 7.91%, 13, 1, 13, 698.04, 861531, 5187
1175, 0, 2390, 2492, 2446, 316, 7.92%, 14, 1, 13, 708.90, 865272, 5189
1180, 0, 2390, 2495, 2449, 316, 7.92%, 14, 1, 13, 725.03, 868947, 5189
1185, 0, 2390, 2498, 2452, 316, 7.92%, 14, 1, 13, 711.00, 872566, 5189
1190, 0, 2390, 2500, 2454, 316, 7.92%, 14, 1, 13, 726.28, 876206, 5189
1195, 0, 2390, 2503, 2457, 316, 7.92%, 14, 1, 13, 708.50, 879923, 5189
1200, 0, 2487, 2505, 2457, 316, 7.92%, 14, 1, 13, 754.84, 883826, 5189
1205, 0, 2308, 2507, 2458, 316, 7.92%, 14, 1, 14, 689.89, 887185, 5190
1210, 0, 2308, 2507, 2458, 316, 7.92%, 14, 1, 14, 617.11, 890147, 5190
1216, 0, 2376, 2507, 2456, 314, 7.92%, 14, 1, 14, 734.95, 894095, 5190
1221, 0, 2376, 2510, 2459, 314, 7.92%, 14, 1, 14, 690.84, 897495, 5190
1226, 0, 2469, 2511, 2459, 314, 7.92%, 14, 1, 14, 692.06, 900940, 5191
1231, 0, 2205, 2515, 2462, 314, 7.92%, 14, 1, 14, 751.20, 904879, 5193
1236, 0, 2205, 2516, 2463, 314, 7.93%, 14, 1, 14, 757.52, 908710, 5194
1241, 0, 2205, 2516, 2463, 314, 7.93%, 14, 1, 14, 750.46, 912505, 5194
1246, 0, 2205, 2516, 2463, 314, 7.93%, 14, 1, 14, 767.78, 916390, 5194
1251, 0, 2205, 2516, 2463, 314, 7.93%, 14, 1, 14, 759.48, 920245, 5194
1256, 0, 2491, 2516, 2462, 315, 7.93%, 14, 1, 14, 669.16, 923694, 5194
1261, 0, 2491, 2523, 2469, 315, 7.93%, 14, 1, 14, 676.75, 927097, 5194
1266, 0, 2491, 2526, 2472, 315, 7.93%, 15, 1, 14, 708.08, 930798, 5194
1271, 0, 2491, 2530, 2476, 315, 7.93%, 15, 1, 14, 734.10, 934620, 5194
1277, 0, 2491, 2532, 2478, 315, 7.93%, 15, 1, 14, 740.81, 938442, 5194
1282, 0, 2491, 2535, 2481, 315, 7.93%, 15, 1, 14, 709.56, 941921, 5198
1287, 0, 2491, 2535, 2481, 315, 7.93%, 15, 1, 14, 714.05, 945505, 5198
1292, 0, 2491, 2535, 2481, 315, 7.93%, 15, 1, 14, 718.64, 949086, 5198
1297, 0, 2521, 2542, 2487, 316, 7.93%, 15, 1, 15, 628.44, 952158, 5200
1302, 0, 2521, 2554, 2499, 316, 7.94%, 15, 1, 15, 662.94, 955537, 5201
1307, 0, 2521, 2558, 2503, 316, 7.94%, 15, 1, 15, 670.54, 958915, 5201
1312, 0, 2521, 2563, 2508, 316, 7.94%, 15, 1, 15, 652.18, 962200, 5201
1317, 0, 2521, 2570, 2515, 316, 7.94%, 15, 1, 15, 619.09, 965266, 5201
1322, 0, 2521, 2572, 2517, 316, 7.94%, 15, 1, 15, 649.69, 968664, 5201
1327, 0, 2521, 2576, 2521, 316, 7.94%, 15, 1, 15, 657.94, 972015, 5201
1332, 0, 2521, 2581, 2526, 316, 7.94%, 15, 1, 15, 658.90, 975365, 5201
1337, 0, 2521, 2584, 2529, 316, 7.94%, 15, 1, 15, 642.96, 978708, 5201
1342, 0, 2521, 2587, 2532, 316, 7.94%, 15, 1, 15, 607.17, 981621, 5201
1348, 0, 2521, 2588, 2533, 316, 7.94%, 15, 1, 15, 624.44, 984855, 5201
1353, 0, 2187, 2593, 2537, 319, 7.94%, 16, 1, 15, 794.56, 988910, 5202
1358, 0, 2406, 2594, 2537, 319, 7.94%, 16, 1, 15, 765.47, 992937, 5202
1363, 0, 2538, 2597, 2539, 319, 7.94%, 16, 1, 15, 733.63, 996565, 5202
1368, 0, 2542, 2598, 2539, 318, 7.94%, 16, 1, 16, 698.26, 1000354, 5202
1373, 0, 2542, 2599, 2540, 318, 7.94%, 16, 1, 16, 660.01, 1003641, 5202
1378, 0, 1845, 2601, 2540, 317, 7.94%, 16, 1, 16, 792.41, 1007795, 5202
1384, 0, 2599, 2602, 2540, 316, 7.94%, 16, 1, 16, 835.59, 1012159, 5202
1389, 0, 2579, 2611, 2548, 315, 7.94%, 16, 1, 16, 726.01, 1015638, 5202
1394, 0, 2579, 2619, 2556, 315, 7.94%, 16, 1, 16, 710.21, 1019138, 5202
1399, 0, 2579, 2622, 2559, 315, 7.94%, 16, 1, 16, 664.65, 1022457, 5202
1404, 0, 2579, 2626, 2563, 315, 7.94%, 16, 1, 16, 710.62, 1026215, 5205
1409, 0, 2579, 2628, 2565, 315, 7.94%, 17, 1, 16, 699.94, 1029689, 5205
1414, 0, 2579, 2631, 2568, 315, 7.94%, 17, 1, 16, 703.95, 1033251, 5205
1419, 0, 2579, 2634, 2571, 315, 7.94%, 17, 1, 16, 718.91, 1037024, 5205
1424, 0, 2579, 2636, 2573, 315, 7.95%, 17, 1, 16, 724.68, 1040650, 5207
1429, 0, 2579, 2639, 2576, 315, 7.95%, 17, 1, 16, 709.59, 1044199, 5207
1434, 0, 2579, 2639, 2576, 315, 7.95%, 17, 1, 16, 705.63, 1047741, 5207
1439, 0, 2456, 2642, 2578, 314, 7.95%, 17, 1, 16, 609.47, 1050742, 5207
1444, 0, 2456, 2646, 2582, 314, 7.95%, 17, 1, 16, 665.77, 1054238, 5207
1449, 0, 2456, 2648, 2584, 314, 7.95%, 17, 1, 16, 683.30, 1057684, 5207
1455, 0, 2456, 2649, 2585, 314, 7.95%, 17, 1, 16, 672.18, 1061201, 5207
1460, 0, 2456, 2649, 2585, 314, 7.95%, 17, 1, 16, 686.84, 1064776, 5207
1465, 0, 2456, 2650, 2586, 314, 7.95%, 17, 1, 16, 675.94, 1068163, 5207
1470, 0, 2456, 2652, 2588, 314, 7.95%, 17, 1, 16, 653.34, 1071414, 5207
1475, 0, 2456, 2652, 2588, 314, 7.95%, 17, 1, 16, 641.72, 1074644, 5207
1480, 0, 109, 2653, 2588, 314, 7.95%, 17, 1, 16, 793.86, 1078551, 5207
1485, 0, 2531, 2655, 2589, 313, 7.95%, 17, 1, 16, 730.69, 1082179, 5207
1490, 0, 2531, 2660, 2594, 313, 7.95%, 17, 1, 16, 719.44, 1085798, 5207
1495, 0, 2531, 2661, 2595, 313, 7.95%, 18, 1, 16, 706.53, 1089362, 5208
1500, 0, 2531, 2662, 2596, 313, 7.95%, 18, 1, 16, 725.95, 1093135, 5208
1505, 0, 2531, 2663, 2597, 313, 7.95%, 18, 1, 16, 721.98, 1096768, 5208
1510, 0, 2531, 2667, 2601, 313, 7.95%, 18, 1, 16, 725.88, 1100436, 5208
1515, 0, 2531, 2667, 2601, 313, 7.95%, 18, 1, 16, 706.14, 1103978, 5208
1520, 0, 2531, 2670, 2604, 313, 7.95%, 18, 1, 16, 697.91, 1107459, 5208
1525, 0, 2531, 2670, 2604, 313, 7.95%, 18, 1, 16, 715.38, 1111069, 5208
1530, 0, 2531, 2672, 2606, 313, 7.95%, 18, 1, 16, 716.29, 1114633, 5208
1535, 0, 2627, 2672, 2605, 311, 7.95%, 18, 1, 16, 711.74, 1118130, 5208
1541, 0, 2283, 2675, 2607, 310, 7.95%, 18, 1, 17, 869.98, 1122726, 5208
1546, 0, 642, 2680, 2611, 309, 7.95%, 18, 1, 17, 759.88, 1126683, 5208
1551, 0, 2410, 2684, 2614, 308, 7.95%, 18, 1, 17, 703.76, 1130077, 5209
1556, 0, 2527, 2697, 2626, 308, 7.95%, 18, 1, 17, 698.71, 1133736, 5209
1561, 0, 2527, 2698, 2627, 308, 7.95%, 18, 1, 17, 711.29, 1137332, 5209
1566, 0, 2524, 2698, 2625, 306, 7.95%, 18, 1, 17, 761.91, 1141286, 5209
1571, 0, 2524, 2702, 2629, 306, 7.95%, 18, 1, 17, 733.05, 1144833, 5209
1577, 0, 2524, 2704, 2631, 306, 7.95%, 18, 1, 17, 750.86, 1148711, 5209
1582, 0, 2524, 2704, 2631, 306, 7.95%, 18, 1, 17, 763.83, 1152618, 5209
1587, 0, 2524, 2704, 2631, 306, 7.95%, 18, 1, 17, 758.07, 1156443, 5209
1592, 0, 2524, 2705, 2632, 306, 7.95%, 18, 1, 17, 761.34, 1160335, 5209
1597, 0, 2524, 2706, 2633, 306, 7.95%, 18, 1, 17, 762.43, 1164212, 5209
1602, 0, 2524, 2707, 2634, 306, 7.95%, 18, 1, 17, 754.60, 1168044, 5209
1607, 0, 2524, 2707, 2634, 306, 7.95%, 18, 1, 17, 759.05, 1171884, 5209
1612, 0, 2524, 2707, 2634, 306, 7.95%, 18, 1, 17, 750.57, 1175670, 5209
1617, 0, 2648, 2708, 2634, 307, 7.95%, 18, 1, 17, 698.16, 1179157, 5209
1622, 0, 2648, 2717, 2643, 307, 7.95%, 18, 1, 17, 772.96, 1183362, 5209
1627, 0, 2627, 2721, 2646, 308, 7.95%, 18, 1, 17, 705.27, 1186783, 5210
1633, 0, 2627, 2722, 2647, 308, 7.95%, 18, 1, 17, 741.95, 1190696, 5210
1638, 0, 2627, 2723, 2648, 308, 7.95%, 19, 1, 17, 746.51, 1194442, 5210
1643, 0, 2627, 2724, 2649, 308, 7.95%, 19, 1, 17, 752.80, 1198343, 5210
1648, 0, 2627, 2725, 2650, 308, 7.95%, 19, 1, 17, 765.80, 1202235, 5210
1653, 0, 2627, 2727, 2652, 308, 7.95%, 19, 1, 17, 750.05, 1206026, 5210
1658, 0, 2627, 2728, 2653, 308, 7.95%, 19, 1, 17, 738.94, 1209637, 5210
1663, 0, 2627, 2729, 2654, 308, 7.95%, 19, 1, 17, 699.55, 1213200, 5210
1668, 0, 2627, 2733, 2658, 308, 7.95%, 19, 1, 17, 639.37, 1216334, 5210
1673, 0, 2724, 2738, 2663, 309, 7.95%, 19, 1, 17, 651.69, 1219778, 5210
1678, 0, 2724, 2738, 2663, 309, 7.95%, 19, 1, 17, 641.39, 1222943, 5210
1683, 0, 2666, 2739, 2663, 308, 7.95%, 19, 1, 17, 456.11, 1225066, 5210
1688, 0, 2666, 2740, 2664, 308, 7.95%, 19, 1, 17, 572.57, 1227951, 5211
1693, 0, 2666, 2751, 2675, 308, 7.95%, 19, 1, 17, 600.26, 1231029, 5212
1699, 0, 1531, 2752, 2675, 309, 7.95%, 19, 1, 17, 650.95, 1234265, 5212
1704, 0, 2703, 2753, 2675, 308, 7.95%, 19, 1, 17, 707.49, 1238004, 5213
1709, 0, 2706, 2753, 2674, 307, 7.95%, 19, 1, 17, 724.16, 1241720, 5213
1714, 0, 2706, 2763, 2684, 307, 7.95%, 19, 1, 17, 576.81, 1244735, 5213
1719, 0, 2706, 2772, 2693, 307, 7.95%, 20, 1, 17, 445.17, 1246870, 5213
1724, 0, 2569, 2774, 2694, 306, 7.95%, 20, 1, 17, 548.86, 1249476, 5213
1729, 0, 2569, 2775, 2695, 306, 7.95%, 20, 1, 17, 694.85, 1253307, 5213
1734, 0, 2728, 2776, 2694, 304, 7.95%, 20, 1, 17, 663.24, 1256703, 5213
1739, 0, 2728, 2784, 2702, 304, 7.95%, 20, 1, 18, 526.32, 1259123, 5213
1744, 0, 2728, 2793, 2711, 304, 7.95%, 20, 1, 18, 523.73, 1261746, 5213
1749, 0, 2728, 2799, 2717, 304, 7.95%, 20, 1, 18, 507.16, 1264308, 5213
1754, 0, 2728, 2801, 2719, 304, 7.95%, 20, 1, 18, 510.96, 1266912, 5213
1759, 0, 2728, 2807, 2725, 304, 7.95%, 20, 1, 18, 483.47, 1269312, 5213
1765, 0, 2728, 2809, 2727, 304, 7.95%, 20, 1, 18, 516.58, 1272038, 5213
1770, 0, 2728, 2812, 2730, 304, 7.95%, 20, 1, 18, 499.69, 1274504, 5213
1775, 0, 2728, 2814, 2732, 304, 7.96%, 20, 1, 18, 516.21, 1277133, 5214
1780, 0, 2728, 2817, 2735, 304, 7.96%, 20, 1, 18, 512.09, 1279704, 5216
1785, 0, 2728, 2821, 2739, 304, 7.96%, 21, 1, 18, 507.37, 1281953, 5216
1790, 0, 2728, 2825, 2743, 304, 7.96%, 21, 1, 18, 473.76, 1284370, 5216
1795, 0, 2728, 2826, 2744, 304, 7.96%, 21, 1, 18, 501.43, 1286879, 5216
1800, 0, 2728, 2827, 2745, 304, 7.96%, 21, 1, 18, 483.57, 1289325, 5216
1805, 0, 2728, 2828, 2746, 304, 7.96%, 21, 1, 18, 558.42, 1292167, 5216
1810, 0, 2817, 2829, 2746, 312, 7.96%, 21, 1, 19, 455.93, 1294473, 5216
1815, 0, 2817, 2831, 2748, 312, 7.96%, 21, 1, 19, 461.77, 1296845, 5216
1820, 0, 2817, 2832, 2749, 312, 7.96%, 21, 1, 19, 444.43, 1299042, 5216
1825, 0, 2817, 2834, 2751, 312, 7.96%, 21, 1, 19, 474.38, 1301465, 5216
1830, 0, 2817, 2836, 2753, 312, 7.96%, 21, 1, 19, 488.34, 1303936, 5216
1835, 0, 2817, 2838, 2755, 312, 7.96%, 21, 1, 19, 455.08, 1306191, 5216
1841, 0, 2817, 2838, 2755, 312, 7.96%, 21, 1, 19, 464.02, 1308585, 5216
1846, 0, 2817, 2838, 2755, 312, 7.96%, 21, 1, 19, 463.37, 1310916, 5216
1851, 0, 2817, 2842, 2759, 312, 7.96%, 21, 1, 19, 462.56, 1313248, 5216
1856, 0, 2817, 2842, 2759, 312, 7.96%, 21, 1, 19, 467.28, 1315714, 5216
1861, 0, 2817, 2845, 2762, 312, 7.96%, 21, 1, 19, 475.54, 1318102, 5216
1866, 0, 2817, 2845, 2762, 312, 7.96%, 21, 1, 19, 470.35, 1320478, 5216
1871, 0, 2817, 2845, 2762, 312, 7.96%, 21, 1, 19, 464.96, 1322836, 5216
1876, 0, 2817, 2845, 2762, 312, 7.96%, 21, 1, 19, 457.83, 1325239, 5216
1882, 0, 2817, 2847, 2764, 312, 7.96%, 21, 1, 19, 486.51, 1327740, 5216
1887, 0, 698, 2848, 2764, 311, 7.96%, 21, 1, 19, 762.92, 1331622, 5216
1892, 0, 2378, 2851, 2766, 310, 7.96%, 21, 1, 19, 667.60, 1334856, 5216
1897, 0, 2378, 2853, 2768, 310, 7.96%, 21, 1, 19, 680.56, 1338380, 5216
1902, 0, 2378, 2855, 2770, 310, 7.96%, 21, 1, 19, 690.44, 1341943, 5216
1907, 0, 2378, 2857, 2772, 310, 7.96%, 21, 1, 19, 675.08, 1345324, 5216
1912, 0, 2378, 2858, 2773, 310, 7.96%, 21, 1, 19, 665.35, 1348672, 5216
1917, 0, 2378, 2862, 2777, 310, 7.96%, 21, 1, 19, 678.72, 1352093, 5216
1922, 0, 2378, 2862, 2777, 310, 7.96%, 21, 1, 19, 688.22, 1355668, 5216
1928, 0, 2378, 2865, 2780, 310, 7.96%, 21, 1, 19, 720.60, 1359359, 5216
1933, 0, 2704, 2867, 2781, 310, 7.96%, 21, 1, 19, 739.29, 1363082, 5216
1938, 0, 2704, 2868, 2782, 310, 7.96%, 21, 1, 19, 769.19, 1367035, 5216
1943, 0, 2704, 2870, 2784, 310, 7.96%, 21, 1, 19, 776.08, 1370934, 5216
1948, 0, 2704, 2871, 2785, 310, 7.99%, 22, 1, 19, 759.92, 1374767, 5238
1953, 0, 2704, 2872, 2786, 310, 7.99%, 22, 1, 19, 756.02, 1378569, 5238
1958, 0, 2704, 2872, 2786, 310, 7.99%, 22, 1, 19, 757.19, 1382454, 5238
1963, 0, 2704, 2874, 2788, 310, 7.99%, 22, 1, 19, 762.20, 1386293, 5238
1968, 0, 2704, 2874, 2788, 310, 7.99%, 22, 1, 19, 757.45, 1390058, 5238
1973, 0, 2704, 2875, 2789, 310, 7.99%, 22, 1, 19, 724.99, 1393687, 5239
1978, 0, 648, 2876, 2789, 311, 7.99%, 22, 1, 19, 635.67, 1396974, 5239
1983, 0, 2316, 2877, 2789, 311, 8.00%, 22, 1, 19, 533.52, 1399604, 5240
1988, 0, 2316, 2879, 2791, 311, 8.00%, 22, 1, 19, 548.52, 1402283, 5240
1993, 0, 2267, 2879, 2790, 310, 8.00%, 22, 1, 19, 571.60, 1405246, 5240
1999, 0, 1521, 2880, 2789, 308, 8.00%, 22, 1, 19, 699.61, 1409002, 5240
2004, 0, 2310, 2880, 2788, 307, 8.00%, 22, 1, 19, 737.84, 1412814, 5240
2009, 0, 2310, 2883, 2791, 307, 8.00%, 22, 1, 19, 740.31, 1416643, 5240
2014, 0, 1234, 2884, 2791, 304, 8.00%, 22, 1, 19, 601.78, 1419562, 5240
2019, 0, 2814, 2884, 2790, 303, 8.00%, 22, 1, 19, 493.85, 1422131, 5240
2024, 0, 2814, 2887, 2793, 303, 8.00%, 22, 1, 19, 438.54, 1424137, 5241
2029, 0, 2814, 2890, 2796, 303, 8.00%, 22, 1, 19, 472.18, 1426549, 5241
2034, 0, 2814, 2892, 2798, 303, 8.00%, 22, 1, 19, 471.97, 1428984, 5241
2039, 0, 2814, 2893, 2799, 303, 8.00%, 22, 1, 19, 475.30, 1431385, 5241
2045, 0, 2814, 2893, 2799, 303, 8.00%, 22, 1, 19, 480.59, 1433896, 5241
2050, 0, 2814, 2895, 2801, 303, 8.00%, 22, 1, 19, 478.25, 1436304, 5241
2055, 0, 2814, 2895, 2801, 303, 8.00%, 22, 1, 19, 486.22, 1438743, 5241
2060, 0, 2814, 2895, 2801, 303, 8.00%, 22, 1, 19, 499.86, 1441263, 5241
2065, 0, 2814, 2895, 2801, 303, 8.00%, 22, 1, 19, 494.52, 1443783, 5241
2070, 0, 2814, 2896, 2802, 303, 8.00%, 23, 1, 19, 472.50, 1445825, 5241
2075, 0, 2814, 2897, 2803, 303, 8.00%, 23, 1, 19, 485.54, 1448271, 5241
2080, 0, 2814, 2897, 2803, 303, 8.00%, 23, 1, 19, 434.44, 1450448, 5241
2085, 0, 2814, 2900, 2806, 303, 8.00%, 23, 1, 19, 446.72, 1452717, 5241
2090, 0, 2814, 2900, 2806, 303, 8.00%, 23, 1, 19, 459.35, 1455123, 5241
2095, 0, 1196, 2900, 2805, 303, 8.00%, 24, 1, 19, 610.98, 1458228, 5241
2100, 0, 2722, 2902, 2806, 302, 8.00%, 24, 1, 19, 692.16, 1461974, 5241
2105, 0, 2722, 2903, 2807, 302, 8.00%, 24, 1, 19, 692.51, 1465478, 5241
2110, 0, 2722, 2905, 2809, 302, 8.00%, 24, 1, 19, 686.25, 1468937, 5241
2115, 0, 2722, 2905, 2809, 302, 8.00%, 24, 1, 19, 683.11, 1472356, 5241
2121, 0, 2722, 2905, 2809, 302, 8.00%, 24, 1, 19, 696.70, 1475970, 5241
2126, 0, 2722, 2907, 2811, 302, 8.00%, 24, 1, 19, 703.42, 1479504, 5241
2131, 0, 2722, 2908, 2812, 302, 8.00%, 24, 1, 19, 703.99, 1483039, 5241
2136, 0, 2722, 2908, 2812, 302, 8.00%, 24, 1, 19, 699.21, 1486599, 5241
2141, 0, 2722, 2908, 2812, 302, 8.00%, 24, 1, 19, 695.09, 1490213, 5241
2146, 0, 2722, 2908, 2812, 302, 8.00%, 24, 1, 19, 689.84, 1493820, 5241
2151, 0, 2511, 2909, 2812, 301, 8.00%, 24, 1, 19, 637.04, 1496996, 5241
2156, 0, 2511, 2910, 2813, 301, 8.00%, 24, 1, 19, 644.47, 1500231, 5241
2161, 0, 2905, 2913, 2815, 301, 8.00%, 24, 1, 19, 619.80, 1503283, 5241
2166, 0, 2905, 2916, 2818, 301, 8.00%, 24, 1, 19, 652.89, 1506622, 5241
2171, 0, 2905, 2916, 2818, 301, 8.00%, 24, 1, 19, 650.83, 1509916, 5241
2176, 0, 2905, 2917, 2819, 301, 8.00%, 24, 1, 19, 661.78, 1513259, 5241
2181, 0, 2905, 2918, 2820, 301, 8.00%, 24, 1, 19, 664.48, 1516620, 5241
2186, 0, 2905, 2918, 2820, 301, 8.00%, 24, 1, 19, 674.85, 1520039, 5241
2192, 0, 2905, 2918, 2820, 301, 8.00%, 25, 1, 19, 660.33, 1523407, 5241
2197, 0, 2905, 2918, 2820, 301, 8.00%, 25, 1, 19, 659.67, 1526748, 5241
2202, 0, 2905, 2920, 2822, 301, 8.00%, 25, 1, 19, 663.36, 1530103, 5241
2207, 0, 2905, 2920, 2822, 301, 8.00%, 25, 1, 19, 660.12, 1533561, 5241
2212, 0, 2905, 2921, 2823, 301, 8.00%, 25, 1, 19, 641.37, 1536808, 5241
2217, 0, 2915, 2921, 2822, 301, 8.00%, 25, 1, 19, 619.24, 1539875, 5241
2222, 0, 724, 2921, 2821, 300, 8.00%, 25, 1, 19, 643.58, 1543200, 5241
2227, 0, 2623, 2924, 2823, 299, 8.00%, 25, 1, 19, 666.64, 1546588, 5241
2232, 0, 2623, 2925, 2824, 299, 8.00%, 25, 1, 19, 672.80, 1549988, 5241
2237, 0, 2623, 2925, 2824, 299, 8.00%, 25, 1, 19, 679.06, 1553407, 5241
2242, 0, 2623, 2926, 2825, 299, 8.00%, 25, 1, 19, 670.98, 1556859, 5241
2247, 0, 2623, 2926, 2825, 299, 8.00%, 26, 1, 19, 671.02, 1560227, 5241
2252, 0, 2623, 2926, 2825, 299, 8.00%, 26, 1, 19, 673.58, 1563594, 5241
2257, 0, 2623, 2926, 2825, 299, 8.00%, 26, 1, 19, 672.38, 1566987, 5241
2262, 0, 2623, 2927, 2826, 299, 8.00%, 26, 1, 19, 667.40, 1570361, 5241
2267, 0, 2623, 2927, 2826, 299, 8.00%, 26, 1, 19, 675.30, 1573780, 5241
2273, 0, 2623, 2928, 2827, 299, 8.00%, 26, 1, 19, 676.34, 1577180, 5242
2278, 0, 2623, 2952, 2851, 299, 8.00%, 26, 1, 19, 458.17, 1579553, 5242
2283, 0, 2623, 2967, 2866, 299, 8.00%, 26, 1, 19, 344.09, 1581152, 5242
2288, 0, 2623, 2972, 2871, 299, 8.00%, 26, 1, 19, 339.36, 1582831, 5242
2293, 0, 1801, 2974, 2871, 294, 8.00%, 26, 1, 19, 659.21, 1586332, 5242
2298, 0, 2339, 2975, 2871, 294, 8.00%, 26, 1, 19, 667.61, 1589796, 5242
2303, 0, 2339, 2975, 2871, 294, 8.00%, 26, 1, 19, 572.10, 1592421, 5242
2308, 0, 2912, 2976, 2871, 293, 8.00%, 26, 1, 20, 593.66, 1595342, 5242
2313, 0, 2912, 2980, 2875, 293, 8.00%, 26, 1, 20, 651.62, 1598673, 5242
2318, 0, 2912, 2981, 2876, 293, 8.00%, 26, 1, 20, 665.80, 1602064, 5242
2323, 0, 2912, 2981, 2876, 293, 8.00%, 26, 1, 20, 649.26, 1605327, 5242
2328, 0, 2912, 2981, 2876, 293, 8.00%, 26, 1, 20, 657.43, 1608642, 5242
2333, 0, 2912, 2982, 2877, 293, 8.00%, 26, 1, 20, 669.02, 1612016, 5242
2338, 0, 2912, 2983, 2878, 293, 8.00%, 26, 1, 20, 674.99, 1615403, 5242
2343, 0, 2912, 2983, 2878, 293, 8.00%, 26, 1, 20, 665.56, 1618718, 5242
2348, 0, 2912, 2983, 2878, 293, 8.00%, 26, 1, 20, 666.75, 1622072, 5242
2353, 0, 2912, 2984, 2879, 293, 8.00%, 26, 1, 20, 655.37, 1625394, 5242
2358, 0, 2912, 2985, 2880, 293, 8.00%, 26, 1, 20, 672.85, 1628741, 5242
2363, 0, 2975, 2986, 2880, 295, 8.00%, 26, 1, 21, 638.49, 1631851, 5242
2369, 0, 464, 2987, 2880, 294, 8.00%, 26, 1, 21, 705.80, 1635468, 5242
2374, 0, 2361, 2987, 2879, 293, 8.00%, 26, 1, 21, 629.42, 1638753, 5242
2379, 0, 2983, 2989, 2880, 293, 8.00%, 26, 1, 21, 551.51, 1641460, 5243
2384, 0, 2983, 2993, 2884, 293, 8.00%, 26, 1, 21, 603.83, 1644560, 5243
2389, 0, 2983, 2995, 2886, 293, 8.00%, 26, 1, 21, 606.49, 1647658, 5243
2394, 0, 2983, 2997, 2888, 293, 8.00%, 26, 1, 21, 613.10, 1650744, 5243
2399, 0, 2983, 2998, 2889, 293, 8.00%, 26, 1, 21, 612.44, 1653847, 5243
2404, 0, 2983, 3001, 2892, 293, 8.00%, 26, 1, 21, 614.77, 1656952, 5243
2409, 0, 2983, 3001, 2892, 293, 8.00%, 26, 1, 21, 627.13, 1660096, 5243
2414, 0, 2983, 3001, 2892, 293, 8.00%, 26, 1, 21, 617.11, 1663192, 5243
2419, 0, 2983, 3001, 2892, 293, 8.00%, 26, 1, 21, 616.65, 1666312, 5243
2424, 0, 2983, 3002, 2893, 293, 8.00%, 26, 1, 21, 622.68, 1669451, 5244
2429, 0, 2983, 3004, 2895, 293, 8.00%, 26, 1, 21, 617.32, 1672573, 5244
2434, 0, 2983, 3009, 2900, 293, 8.00%, 26, 1, 21, 623.42, 1675732, 5244
2439, 0, 2983, 3011, 2902, 293, 8.00%, 26, 1, 21, 615.61, 1678854, 5244
2444, 0, 2926, 3014, 2904, 291, 8.00%, 26, 1, 21, 594.45, 1681724, 5245
2449, 0, 2926, 3016, 2906, 291, 8.00%, 26, 1, 21, 655.10, 1685114, 5245
2454, 0, 2926, 3017, 2907, 291, 8.00%, 26, 1, 21, 668.66, 1688501, 5245
2459, 0, 2926, 3017, 2907, 291, 8.00%, 26, 1, 21, 669.96, 1691907, 5245
2464, 0, 2926, 3017, 2907, 291, 8.00%, 26, 1, 21, 667.22, 1695274, 5245
2470, 0, 2926, 3017, 2907, 291, 8.00%, 26, 1, 21, 648.25, 1698577, 5245
2475, 0, 2918, 3017, 2906, 291, 8.00%, 26, 1, 21, 682.69, 1702085, 5245
2480, 0, 2169, 3017, 2905, 290, 8.00%, 26, 1, 21, 606.88, 1705099, 5245
2485, 0, 205, 3020, 2907, 291, 8.00%, 26, 1, 21, 646.64, 1708458, 5246
2490, 0, 2992, 3028, 2914, 290, 8.00%, 26, 1, 22, 633.15, 1711744, 5246
2495, 0, 2992, 3031, 2917, 290, 8.00%, 26, 1, 22, 649.40, 1715134, 5246
2500, 0, 2992, 3036, 2922, 290, 8.01%, 26, 1, 22, 653.02, 1718432, 5251
2506, 0, 2992, 3039, 2925, 290, 8.01%, 26, 1, 22, 645.26, 1721757, 5251
2511, 0, 2992, 3041, 2927, 290, 8.01%, 26, 1, 22, 644.38, 1725083, 5251
2516, 0, 2992, 3042, 2928, 290, 8.01%, 27, 1, 22, 634.94, 1728379, 5252
2521, 0, 2992, 3044, 2930, 290, 8.01%, 27, 1, 22, 607.41, 1731477, 5252
2526, 0, 2992, 3046, 2932, 290, 8.02%, 27, 1, 22, 573.78, 1734315, 5254
2531, 0, 2992, 3047, 2933, 290, 8.02%, 27, 1, 22, 584.17, 1737292, 5254
2536, 0, 2992, 3047, 2933, 290, 8.02%, 27, 1, 22, 594.21, 1740383, 5254
2541, 0, 2992, 3048, 2934, 290, 8.02%, 27, 1, 22, 593.85, 1743360, 5254
2546, 0, 3026, 3048, 2933, 288, 8.02%, 27, 1, 22, 578.67, 1746269, 5254
2551, 0, 3026, 3054, 2939, 288, 8.02%, 27, 1, 23, 640.10, 1749565, 5256
2557, 0, 3026, 3056, 2941, 288, 8.02%, 27, 1, 23, 670.23, 1753105, 5256
2562, 0, 3026, 3057, 2942, 288, 8.02%, 27, 1, 23, 664.56, 1756453, 5256
2567, 0, 3026, 3057, 2942, 288, 8.02%, 27, 1, 23, 672.50, 1759820, 5256
2572, 0, 3026, 3057, 2942, 288, 8.02%, 27, 1, 23, 692.17, 1763408, 5256
2577, 0, 3026, 3057, 2942, 288, 8.02%, 27, 1, 23, 677.38, 1766801, 5256
2582, 0, 3026, 3057, 2942, 288, 8.02%, 27, 1, 23, 683.87, 1770363, 5256
2587, 0, 3026, 3059, 2944, 288, 8.02%, 27, 1, 23, 685.78, 1773887, 5256
2592, 0, 3026, 3060, 2945, 288, 8.02%, 27, 1, 23, 692.86, 1777495, 5256
2597, 0, 3026, 3060, 2945, 288, 8.02%, 27, 1, 23, 681.24, 1780896, 5256
2602, 0, 2812, 3065, 2949, 288, 8.02%, 27, 1, 23, 616.74, 1783918, 5258
2608, 0, 2812, 3068, 2952, 288, 8.02%, 27, 1, 23, 611.24, 1787035, 5258
2613, 0, 2812, 3069, 2953, 288, 8.02%, 27, 1, 23, 611.12, 1790150, 5259
2618, 0, 2812, 3071, 2955, 288, 8.02%, 27, 1, 23, 613.65, 1793260, 5259
2623, 0, 2812, 3071, 2955, 288, 8.02%, 27, 1, 23, 613.77, 1796368, 5259
2628, 0, 2812, 3071, 2955, 288, 8.02%, 27, 1, 23, 611.29, 1799476, 5259
2633, 0, 2812, 3071, 2955, 288, 8.02%, 27, 1, 23, 620.93, 1802644, 5259
2638, 0, 2812, 3071, 2955, 288, 8.02%, 27, 1, 23, 614.23, 1805752, 5259
2643, 0, 2812, 3071, 2955, 288, 8.02%, 27, 1, 23, 606.84, 1808824, 5259
2648, 0, 2812, 3072, 2956, 288, 8.02%, 27, 1, 23, 614.47, 1811927, 5259
2653, 0, 2812, 3072, 2956, 288, 8.02%, 27, 1, 23, 611.62, 1815011, 5259
2659, 0, 1151, 3072, 2955, 291, 8.02%, 27, 1, 23, 666.94, 1818522, 5259
2664, 0, 2356, 3072, 2954, 290, 8.02%, 27, 1, 23, 602.21, 1821637, 5259
2669, 0, 2356, 3074, 2956, 290, 8.02%, 27, 1, 23, 596.10, 1824573, 5259
2674, 0, 3001, 3074, 2954, 289, 8.02%, 27, 1, 23, 660.71, 1827951, 5259
2679, 0, 3001, 3075, 2955, 289, 8.02%, 27, 1, 23, 675.78, 1831338, 5259
2684, 0, 2058, 3075, 2954, 289, 8.02%, 27, 1, 23, 735.55, 1835140, 5259
2689, 0, 2589, 3075, 2953, 288, 8.02%, 27, 1, 23, 692.22, 1838639, 5259
2694, 0, 2870, 3083, 2960, 287, 8.03%, 27, 1, 23, 748.21, 1842448, 5260
2699, 0, 2870, 3085, 2962, 287, 8.03%, 27, 1, 23, 788.19, 1846578, 5261
2704, 0, 2870, 3086, 2963, 287, 8.03%, 27, 1, 23, 788.75, 1850530, 5261
2709, 0, 2870, 3087, 2964, 287, 8.03%, 27, 1, 23, 784.47, 1854617, 5261
2714, 0, 2870, 3088, 2965, 287, 8.03%, 27, 1, 23, 784.94, 1858554, 5262
2720, 0, 2870, 3088, 2965, 287, 8.03%, 27, 1, 23, 794.18, 1862679, 5262
2725, 0, 2870, 3088, 2965, 287, 8.03%, 27, 1, 23, 789.05, 1866624, 5262
2730, 0, 2870, 3090, 2967, 287, 8.03%, 27, 1, 23, 799.81, 1870748, 5265
2735, 0, 2870, 3090, 2967, 287, 8.03%, 27, 1, 23, 780.02, 1874681, 5265
2740, 0, 1289, 3090, 2966, 291, 8.03%, 36, 1, 23, 763.47, 1876765, 5265
2745, 0, 2974, 3090, 2965, 290, 8.03%, 36, 1, 23, 729.72, 1880659, 5265
2750, 0, 2518, 3091, 2965, 289, 8.03%, 36, 1, 23, 682.56, 1883996, 5265
2755, 0, 3054, 3091, 2964, 289, 8.03%, 36, 1, 23, 636.66, 1887201, 5265
2760, 0, 3054, 3091, 2964, 289, 8.03%, 36, 1, 23, 646.40, 1890410, 5265
2766, 0, 2925, 3091, 2962, 287, 8.03%, 36, 1, 23, 652.52, 1893779, 5265
2771, 0, 2925, 3093, 2964, 287, 8.03%, 36, 1, 23, 639.20, 1897069, 5265
2776, 0, 2925, 3094, 2965, 287, 8.03%, 36, 1, 23, 630.46, 1900220, 5265
2781, 0, 2925, 3096, 2967, 287, 8.04%, 36, 1, 23, 633.60, 1903510, 5266
2786, 0, 2925, 3096, 2967, 287, 8.04%, 36, 1, 23, 622.10, 1906750, 5266
2791, 0, 2925, 3098, 2969, 287, 8.04%, 36, 1, 23, 621.91, 1909872, 5268
2796, 0, 2925, 3098, 2969, 287, 8.04%, 36, 1, 23, 544.85, 1912560, 5268
2801, 0, 2925, 3098, 2969, 287, 8.04%, 36, 1, 23, 599.22, 1915698, 5268
2807, 0, 2925, 3098, 2969, 287, 8.04%, 36, 1, 23, 631.01, 1918968, 5268
2812, 0, 2925, 3098, 2969, 287, 8.04%, 37, 1, 23, 624.47, 1922245, 5268
2817, 0, 2925, 3099, 2970, 287, 8.04%, 37, 1, 23, 639.77, 1925564, 5268
2822, 0, 2925, 3099, 2970, 287, 8.04%, 37, 1, 23, 628.75, 1928704, 5268
2827, 0, 2903, 3100, 2970, 287, 8.04%, 37, 1, 23, 650.27, 1931940, 5268
2832, 0, 2922, 3100, 2969, 286, 8.04%, 37, 1, 23, 613.91, 1935008, 5268
2837, 0, 2922, 3103, 2972, 286, 8.04%, 37, 1, 23, 643.89, 1938290, 5268
2842, 0, 2922, 3105, 2974, 286, 8.04%, 37, 1, 23, 654.86, 1941612, 5268
2847, 0, 2922, 3105, 2974, 286, 8.04%, 37, 1, 23, 659.98, 1944953, 5268
2852, 0, 2922, 3106, 2975, 286, 8.04%, 37, 1, 23, 668.81, 1948327, 5268
2857, 0, 2922, 3106, 2975, 286, 8.04%, 37, 1, 23, 661.40, 1951707, 5268
2862, 0, 2922, 3106, 2975, 286, 8.04%, 37, 1, 23, 673.52, 1955126, 5268
2867, 0, 2922, 3107, 2976, 286, 8.04%, 37, 1, 23, 667.97, 1958513, 5268
2872, 0, 2922, 3107, 2976, 286, 8.04%, 37, 1, 23, 669.71, 1961919, 5268
2877, 0, 2922, 3108, 2977, 286, 8.04%, 37, 1, 23, 669.57, 1965293, 5268
2883, 0, 2922, 3108, 2977, 286, 8.04%, 37, 1, 23, 658.88, 1968623, 5268
2888, 0, 2515, 3109, 2977, 287, 8.04%, 37, 1, 23, 666.40, 1971928, 5269
2893, 0, 3054, 3113, 2980, 286, 8.04%, 37, 1, 24, 663.57, 1975250, 5269
2898, 0, 3054, 3115, 2982, 286, 8.04%, 37, 1, 24, 677.51, 1978670, 5270
2903, 0, 3054, 3119, 2986, 286, 8.04%, 37, 1, 24, 671.94, 1982065, 5270
2908, 0, 3054, 3121, 2988, 286, 8.05%, 37, 1, 24, 673.23, 1985433, 5274
2913, 0, 3054, 3123, 2990, 286, 8.05%, 37, 1, 24, 672.32, 1988814, 5274
2918, 0, 3054, 3124, 2991, 286, 8.05%, 37, 1, 24, 659.96, 1992284, 5274
2923, 0, 3054, 3135, 3002, 286, 8.05%, 37, 1, 24, 611.03, 1995376, 5275
2928, 0, 3111, 3139, 3006, 290, 8.05%, 37, 1, 25, 487.13, 1997853, 5275
2933, 0, 3111, 3145, 3012, 290, 8.05%, 37, 1, 25, 525.49, 2000618, 5276
2939, 0, 3111, 3147, 3014, 290, 8.05%, 37, 1, 25, 546.16, 2003472, 5276
2944, 0, 3111, 3148, 3015, 290, 8.05%, 37, 1, 25, 544.51, 2006219, 5276
2949, 0, 3111, 3148, 3015, 290, 8.05%, 37, 1, 25, 535.27, 2008879, 5276
2954, 0, 3111, 3148, 3015, 290, 8.05%, 37, 1, 25, 538.41, 2011699, 5276
2959, 0, 3111, 3148, 3015, 290, 8.05%, 37, 1, 25, 518.97, 2014289, 5276
2964, 0, 3111, 3149, 3016, 290, 8.05%, 37, 1, 25, 539.80, 2017127, 5276
2969, 0, 3111, 3152, 3019, 290, 8.05%, 37, 1, 25, 542.12, 2019858, 5276
2974, 0, 3111, 3152, 3019, 290, 8.05%, 37, 1, 25, 543.71, 2022596, 5276
2979, 0, 1223, 3152, 3018, 291, 8.05%, 37, 1, 25, 607.66, 2025702, 5276
2984, 0, 3013, 3152, 3017, 290, 8.05%, 37, 1, 25, 651.67, 2029221, 5276
2989, 0, 3141, 3152, 3016, 289, 8.05%, 39, 1, 25, 585.05, 2032159, 5276
2994, 0, 3141, 3154, 3018, 289, 8.05%, 39, 1, 26, 518.04, 2034520, 5276
2999, 0, 3141, 3154, 3018, 289, 8.05%, 39, 1, 26, 536.54, 2037230, 5276
3005, 0, 3141, 3155, 3019, 289, 8.05%, 39, 1, 26, 593.54, 2040272, 5276
3010, 0, 3152, 3155, 3018, 289, 8.05%, 39, 1, 26, 491.97, 2042859, 5276
3015, 0, 3152, 3157, 3020, 289, 8.05%, 39, 1, 27, 470.88, 2045055, 5276
3020, 0, 3152, 3159, 3022, 289, 8.05%, 39, 1, 27, 488.90, 2047535, 5276
3025, 0, 3152, 3159, 3022, 289, 8.05%, 39, 1, 27, 495.13, 2050064, 5276
3030, 0, 3152, 3161, 3024, 289, 8.05%, 39, 1, 27, 501.96, 2052580, 5276
3035, 0, 3152, 3162, 3025, 289, 8.05%, 39, 1, 27, 507.03, 2055127, 5276
3040, 0, 3152, 3163, 3026, 289, 8.05%, 39, 1, 27, 490.35, 2057643, 5276
3045, 0, 3152, 3165, 3028, 289, 8.05%, 39, 1, 27, 500.73, 2060228, 5276
3050, 0, 3152, 3165, 3028, 289, 8.05%, 39, 1, 27, 498.61, 2062758, 5276
3055, 0, 3152, 3166, 3029, 289, 8.05%, 39, 1, 27, 593.78, 2065848, 5276
3060, 0, 2825, 3166, 3028, 288, 8.05%, 39, 1, 27, 645.36, 2069125, 5276
3065, 0, 2825, 3178, 3040, 288, 8.05%, 39, 1, 27, 609.85, 2072141, 5276
3070, 0, 3155, 3185, 3046, 286, 8.05%, 39, 1, 27, 602.31, 2075162, 5276
3076, 0, 3155, 3187, 3048, 286, 8.05%, 39, 1, 28, 536.62, 2077865, 5276
3081, 0, 3155, 3189, 3050, 286, 8.05%, 39, 1, 28, 575.13, 2080855, 5276
3086, 0, 3155, 3191, 3052, 286, 8.05%, 39, 1, 28, 593.85, 2083861, 5276
3091, 0, 3155, 3192, 3053, 286, 8.05%, 39, 1, 28, 597.91, 2086893, 5276
3096, 0, 3155, 3192, 3053, 286, 8.05%, 39, 1, 28, 601.45, 2089926, 5276
3101, 0, 3155, 3194, 3055, 286, 8.05%, 39, 1, 28, 608.75, 2092988, 5276
3106, 0, 3155, 3195, 3056, 286, 8.05%, 39, 1, 28, 531.17, 2095671, 5276
3111, 0, 3155, 3195, 3056, 286, 8.05%, 39, 1, 28, 583.55, 2098617, 5276
3116, 0, 3187, 3197, 3057, 287, 8.05%, 39, 1, 29, 504.27, 2100981, 5276
3121, 0, 3187, 3198, 3058, 287, 8.05%, 39, 1, 29, 555.47, 2103811, 5276
3126, 0, 3187, 3200, 3060, 287, 8.05%, 39, 1, 29, 572.18, 2106696, 5276
3131, 0, 3187, 3200, 3060, 287, 8.05%, 39, 1, 29, 581.32, 2109677, 5276
3136, 0, 3187, 3201, 3061, 287, 8.05%, 39, 1, 29, 567.80, 2112511, 5276
3141, 0, 3187, 3201, 3061, 287, 8.05%, 39, 1, 29, 570.89, 2115481, 5276
3146, 0, 3187, 3201, 3061, 287, 8.05%, 39, 1, 29, 567.25, 2118374, 5276
3152, 0, 3187, 3202, 3062, 287, 8.05%, 39, 1, 29, 585.35, 2121429, 5276
3157, 0, 3199, 3203, 3062, 286, 8.05%, 39, 1, 30, 493.92, 2123917, 5276
3162, 0, 3199, 3203, 3062, 286, 8.05%, 39, 1, 30, 597.52, 2127138, 5276
3167, 0, 3199, 3204, 3063, 286, 8.05%, 39, 1, 30, 584.37, 2130184, 5276
3172, 0, 3202, 3209, 3067, 284, 8.05%, 39, 1, 31, 541.21, 2133002, 5276
3177, 0, 3202, 3212, 3070, 284, 8.05%, 39, 1, 31, 597.88, 2136101, 5276
3183, 0, 3202, 3214, 3072, 284, 8.06%, 39, 1, 31, 605.20, 2139263, 5281
3188, 0, 3202, 3216, 3074, 284, 8.06%, 39, 1, 31, 616.97, 2142469, 5281
3193, 0, 3202, 3217, 3075, 284, 8.06%, 39, 1, 31, 606.37, 2145500, 5281
3198, 0, 3202, 3219, 3077, 284, 8.06%, 39, 1, 31, 606.68, 2148538, 5281
3203, 0, 3202, 3219, 3077, 284, 8.06%, 39, 1, 31, 617.00, 2151646, 5281
3208, 0, 3202, 3220, 3078, 284, 8.06%, 39, 1, 31, 603.87, 2154749, 5282
3213, 0, 3096, 3222, 3079, 291, 8.06%, 39, 1, 31, 695.58, 2158540, 5282
3218, 0, 3215, 3224, 3080, 290, 8.06%, 39, 1, 32, 663.96, 2161755, 5282
3223, 0, 3215, 3224, 3080, 290, 8.06%, 39, 1, 32, 672.70, 2165315, 5282
3229, 0, 3223, 3224, 3079, 289, 8.06%, 39, 1, 32, 581.96, 2168223, 5282
3234, 0, 3223, 3227, 3082, 289, 8.06%, 39, 1, 33, 589.37, 2171210, 5282
3239, 0, 3223, 3227, 3082, 289, 8.06%, 39, 1, 33, 598.97, 2174345, 5282
3244, 0, 3223, 3227, 3082, 289, 8.06%, 39, 1, 33, 604.26, 2177468, 5282
3249, 0, 3223, 3228, 3083, 289, 8.06%, 39, 1, 33, 604.75, 2180511, 5282
3254, 0, 3223, 3228, 3083, 289, 8.06%, 39, 1, 33, 602.93, 2183559, 5282
3259, 0, 3223, 3230, 3085, 289, 8.06%, 39, 1, 33, 600.30, 2186693, 5282
3264, 0, 3223, 3230, 3085, 289, 8.06%, 39, 1, 33, 620.06, 2189817, 5282
3269, 0, 2335, 3230, 3084, 289, 8.06%, 39, 1, 33, 580.65, 2192725, 5282
3274, 0, 2335, 3232, 3086, 289, 8.06%, 39, 1, 33, 609.62, 2195791, 5284
3279, 0, 3226, 3232, 3085, 289, 8.06%, 39, 1, 33, 561.53, 2198454, 5284
3285, 0, 3193, 3234, 3086, 288, 8.06%, 39, 1, 34, 597.45, 2201446, 5284
3290, 0, 3193, 3238, 3090, 288, 8.06%, 39, 1, 34, 715.43, 2205293, 5284
3295, 0, 3193, 3238, 3090, 288, 8.06%, 39, 1, 34, 751.19, 2209153, 5284
3300, 0, 3193, 3238, 3090, 288, 8.06%, 39, 1, 34, 719.78, 2212727, 5284
3305, 0, 3193, 3239, 3091, 288, 8.06%, 39, 1, 34, 716.68, 2216472, 5284
3310, 0, 3193, 3239, 3091, 288, 8.06%, 39, 1, 34, 730.84, 2220252, 5284
3315, 0, 3193, 3241, 3093, 288, 8.06%, 39, 1, 34, 694.95, 2223803, 5284
3320, 0, 3227, 3241, 3092, 289, 8.06%, 39, 1, 34, 575.42, 2226582, 5284
3325, 0, 3227, 3242, 3093, 289, 8.06%, 39, 1, 34, 553.02, 2229357, 5284
3330, 0, 2253, 3242, 3092, 288, 8.06%, 39, 1, 34, 582.43, 2232249, 5284
3335, 0, 3218, 3243, 3091, 286, 8.06%, 39, 1, 34, 584.27, 2235220, 5284
3340, 0, 3218, 3244, 3092, 286, 8.06%, 39, 1, 34, 587.58, 2238203, 5284
3345, 0, 3218, 3248, 3096, 286, 8.06%, 39, 1, 34, 625.07, 2241424, 5284
3351, 0, 3218, 3248, 3096, 286, 8.06%, 39, 1, 34, 630.70, 2244783, 5284
3356, 0, 2197, 3248, 3095, 287, 8.06%, 39, 1, 34, 624.10, 2247886, 5284
3361, 0, 2197, 3274, 3121, 287, 8.07%, 40, 1, 34, 578.43, 2250723, 5286
3366, 0, 2514, 3279, 3124, 288, 8.07%, 40, 1, 34, 715.04, 2254538, 5286
3371, 0, 3260, 3279, 3123, 287, 8.07%, 40, 1, 34, 619.74, 2257799, 5286
3376, 0, 2474, 3283, 3126, 286, 8.07%, 40, 1, 34, 589.96, 2260783, 5286
3381, 0, 2474, 3285, 3128, 286, 8.07%, 40, 1, 34, 569.04, 2263590, 5286
3387, 0, 1896, 3286, 3128, 285, 8.07%, 40, 1, 34, 615.23, 2266816, 5286
3392, 0, 3073, 3286, 3127, 284, 8.07%, 40, 1, 34, 595.67, 2269859, 5286
3397, 0, 3073, 3288, 3129, 284, 8.07%, 40, 1, 34, 614.96, 2272973, 5286
3402, 0, 2590, 3288, 3127, 283, 8.07%, 40, 1, 34, 699.13, 2276497, 5286
3407, 0, 3097, 3291, 3129, 282, 8.07%, 40, 1, 34, 791.29, 2280733, 5287
3412, 0, 3097, 3291, 3129, 282, 8.07%, 40, 1, 34, 805.71, 2284820, 5287
3417, 0, 3090, 3292, 3129, 283, 8.07%, 40, 1, 34, 689.23, 2288181, 5287
3422, 0, 2892, 3294, 3130, 282, 8.07%, 40, 1, 34, 670.13, 2291631, 5287
3427, 0, 2892, 3297, 3133, 282, 8.07%, 40, 1, 34, 477.05, 2293753, 5287
3432, 0, 2892, 3305, 3141, 282, 8.07%, 40, 1, 34, 485.40, 2296203, 5287
3437, 0, 2892, 3306, 3142, 282, 8.07%, 40, 1, 34, 485.02, 2298748, 5287
3443, 0, 2892, 3307, 3143, 282, 8.07%, 40, 1, 34, 481.30, 2301248, 5287
3448, 0, 2892, 3312, 3148, 282, 8.07%, 40, 1, 34, 481.70, 2303695, 5287
3453, 0, 2892, 3314, 3150, 282, 8.07%, 40, 1, 34, 487.42, 2306139, 5287
3458, 0, 2892, 3315, 3151, 282, 8.07%, 40, 1, 34, 489.76, 2308621, 5287
3463, 0, 2892, 3316, 3152, 282, 8.07%, 40, 1, 34, 481.13, 2311130, 5287
3468, 0, 2892, 3317, 3153, 282, 8.07%, 40, 1, 34, 478.38, 2313531, 5287
3473, 0, 2892, 3317, 3153, 282, 8.07%, 40, 1, 34, 476.12, 2315907, 5287
3478, 0, 2892, 3318, 3154, 282, 8.07%, 40, 1, 34, 471.76, 2318263, 5287
3483, 0, 2892, 3318, 3154, 282, 8.07%, 40, 1, 34, 475.83, 2320639, 5287
3488, 0, 2892, 3320, 3156, 282, 8.07%, 40, 1, 34, 473.37, 2323047, 5287
3493, 0, 2892, 3321, 3157, 282, 8.07%, 40, 1, 34, 479.01, 2325547, 5287
3499, 0, 3093, 3322, 3157, 283, 8.07%, 40, 1, 34, 602.29, 2328776, 5287
3504, 0, 3093, 3324, 3159, 283, 8.07%, 40, 1, 34, 633.78, 2332077, 5287
3509, 0, 3093, 3325, 3160, 283, 8.07%, 40, 1, 34, 614.59, 2335291, 5287
3514, 0, 3213, 3331, 3165, 283, 8.07%, 40, 1, 34, 544.93, 2337838, 5287
3519, 0, 3213, 3333, 3167, 283, 8.07%, 40, 1, 34, 568.08, 2340746, 5287
3524, 0, 3213, 3334, 3168, 283, 8.07%, 40, 1, 34, 577.60, 2343734, 5287
3529, 0, 3213, 3335, 3169, 283, 8.07%, 40, 1, 34, 575.80, 2346612, 5287
3534, 0, 3213, 3336, 3170, 283, 8.07%, 40, 1, 34, 580.88, 2349523, 5287
3539, 0, 3213, 3337, 3171, 283, 8.07%, 40, 1, 34, 586.20, 2352500, 5287
3544, 0, 3213, 3337, 3171, 283, 8.07%, 40, 1, 34, 573.25, 2355360, 5287
3550, 0, 3213, 3338, 3172, 283, 8.07%, 40, 1, 34, 579.30, 2358260, 5287
3555, 0, 3213, 3340, 3174, 283, 8.07%, 40, 1, 34, 584.68, 2361178, 5287
3560, 0, 3213, 3342, 3176, 283, 8.07%, 40, 1, 34, 587.12, 2364129, 5288
3565, 0, 3213, 3343, 3177, 283, 8.07%, 40, 1, 34, 582.54, 2367128, 5288
3570, 0, 3213, 3343, 3177, 283, 8.07%, 40, 1, 34, 669.71, 2370601, 5288
3575, 0, 2248, 3343, 3176, 286, 8.07%, 40, 1, 34, 661.79, 2373902, 5288
3580, 0, 3195, 3343, 3174, 284, 8.07%, 40, 1, 34, 621.43, 2377259, 5288
3585, 0, 3195, 3343, 3174, 284, 8.07%, 40, 1, 34, 582.01, 2379884, 5288
3590, 0, 3237, 3344, 3174, 283, 8.07%, 40, 1, 34, 434.38, 2382230, 5288
3595, 0, 3237, 3347, 3177, 283, 8.07%, 40, 1, 34, 404.26, 2384098, 5288
3600, 0, 3237, 3351, 3181, 283, 8.07%, 40, 1, 34, 415.70, 2386190, 5288
3605, 0, 3237, 3354, 3184, 283, 8.07%, 40, 1, 34, 417.88, 2388275, 5288
3610, 0, 3237, 3354, 3184, 283, 8.07%, 40, 1, 34, 421.59, 2390387, 5288
3615, 0, 3237, 3358, 3188, 283, 8.12%, 40, 1, 34, 421.90, 2392495, 5321
3621, 0, 3237, 3360, 3190, 283, 8.12%, 40, 1, 34, 418.17, 2394661, 5321
3626, 0, 3237, 3362, 3192, 283, 8.12%, 40, 1, 34, 410.05, 2396723, 5321
3631, 0, 3237, 3363, 3193, 283, 8.12%, 40, 1, 34, 414.00, 2398810, 5321
3636, 0, 3237, 3363, 3193, 283, 8.12%, 40, 1, 34, 415.91, 2400978, 5321
3641, 0, 3237, 3363, 3193, 283, 8.12%, 40, 1, 34, 404.04, 2403034, 5321
3646, 0, 3337, 3364, 3193, 283, 8.12%, 40, 1, 34, 554.15, 2406096, 5321
3651, 0, 3337, 3366, 3195, 283, 8.12%, 40, 1, 34, 625.34, 2409332, 5321
3656, 0, 3337, 3367, 3196, 283, 8.12%, 40, 1, 34, 648.42, 2412675, 5321
3661, 0, 3337, 3367, 3196, 283, 8.12%, 40, 1, 34, 640.27, 2415903, 5321
3666, 0, 3337, 3367, 3196, 283, 8.12%, 41, 1, 34, 618.29, 2419032, 5321
3671, 0, 3105, 3368, 3196, 281, 8.12%, 41, 1, 34, 628.93, 2422152, 5321
3676, 0, 3105, 3371, 3199, 281, 8.12%, 41, 1, 34, 513.43, 2424773, 5321
3681, 0, 3105, 3376, 3204, 281, 8.12%, 41, 1, 34, 404.18, 2426656, 5321
3686, 0, 689, 3377, 3204, 282, 8.12%, 41, 1, 34, 458.32, 2428823, 5321
3691, 0, 3037, 3377, 3203, 281, 8.12%, 41, 1, 34, 613.35, 2432252, 5321
3696, 0, 3151, 3378, 3203, 279, 8.12%, 41, 1, 34, 537.15, 2435099, 5321
3702, 0, 3151, 3379, 3204, 279, 8.12%, 41, 1, 34, 67.01, 2437591, 5321
3707, 0, 272, 3379, 3203, 279, 8.12%, 42, 1, 34, 773.97, 2440841, 5321
3712, 0, 2738, 3379, 3202, 279, 8.12%, 42, 1, 34, 402.78, 2442634, 5321
3717, 0, 2738, 3380, 3203, 279, 8.12%, 42, 1, 34, 379.48, 2444451, 5321
3722, 0, 1868, 3381, 3203, 279, 8.12%, 42, 1, 34, 542.12, 2447268, 5322
3727, 0, 3365, 3381, 3202, 278, 8.12%, 42, 1, 34, 645.17, 2450873, 5322
3732, 0, 3365, 3382, 3203, 278, 8.12%, 42, 1, 34, 647.80, 2454212, 5322
3737, 0, 3110, 3382, 3201, 276, 8.12%, 42, 1, 34, 727.71, 2458200, 5322
3742, 0, 3110, 3385, 3204, 276, 8.12%, 42, 1, 34, 661.53, 2461494, 5322
3748, 0, 2423, 3385, 3203, 275, 8.12%, 42, 1, 34, 625.04, 2464540, 5322
3753, 0, 2228, 3385, 3202, 274, 8.12%, 42, 1, 34, 653.34, 2467784, 5322
3758, 0, 2228, 3394, 3211, 274, 8.12%, 42, 1, 34, 580.53, 2470717, 5322
3763, 0, 3275, 3395, 3210, 272, 8.12%, 42, 1, 34, 684.85, 2474175, 5322
3768, 0, 3275, 3401, 3216, 272, 8.12%, 42, 1, 34, 607.64, 2477201, 5322
3773, 0, 3275, 3404, 3219, 272, 8.12%, 42, 1, 34, 596.00, 2480219, 5322
3778, 0, 3275, 3408, 3223, 272, 8.12%, 42, 1, 34, 591.03, 2483250, 5323
3783, 0, 3275, 3410, 3225, 272, 8.12%, 42, 1, 34, 590.58, 2486289, 5323
3788, 0, 3275, 3413, 3228, 272, 8.12%, 42, 1, 34, 589.71, 2489346, 5323
3793, 0, 3275, 3416, 3231, 272, 8.12%, 43, 1, 34, 579.54, 2492228, 5323
3799, 0, 3275, 3417, 3232, 272, 8.12%, 43, 1, 34, 582.59, 2495249, 5324
3804, 0, 3275, 3419, 3234, 272, 8.12%, 43, 1, 34, 591.27, 2498288, 5324
3809, 0, 3275, 3419, 3234, 272, 8.12%, 43, 1, 34, 606.93, 2501400, 5324
3814, 0, 3350, 3419, 3233, 276, 8.12%, 43, 1, 34, 400.32, 2503056, 5324
3819, 0, 3350, 3421, 3235, 276, 8.12%, 43, 1, 34, 427.37, 2505216, 5324
3824, 0, 3350, 3422, 3236, 276, 8.12%, 43, 1, 34, 421.36, 2507327, 5324
3829, 0, 3350, 3422, 3236, 276, 8.12%, 43, 1, 34, 419.79, 2509439, 5324
3834, 0, 3350, 3423, 3237, 276, 8.12%, 43, 1, 34, 407.72, 2511431, 5324
3839, 0, 3350, 3423, 3237, 276, 8.12%, 43, 1, 34, 415.33, 2513527, 5324
3844, 0, 3350, 3423, 3237, 276, 8.12%, 43, 1, 34, 416.49, 2515655, 5324
3849, 0, 3350, 3424, 3238, 276, 8.12%, 43, 1, 34, 410.10, 2517734, 5324
3854, 0, 3350, 3425, 3239, 276, 8.12%, 43, 1, 34, 401.63, 2519757, 5324
3859, 0, 3350, 3426, 3240, 276, 8.12%, 43, 1, 34, 397.85, 2521740, 5324
3865, 0, 3350, 3426, 3240, 276, 8.12%, 43, 1, 34, 529.55, 2524470, 5324
3870, 0, 3339, 3426, 3239, 277, 8.12%, 43, 1, 34, 538.72, 2527201, 5324
3875, 0, 3339, 3426, 3239, 277, 8.12%, 43, 1, 34, 646.04, 2530589, 5324
3880, 0, 2445, 3426, 3238, 276, 8.12%, 43, 1, 34, 612.77, 2533682, 5324
3885, 0, 1326, 3427, 3238, 275, 8.12%, 43, 1, 34, 717.61, 2537077, 5324
3890, 0, 3235, 3427, 3236, 272, 8.12%, 43, 1, 34, 766.89, 2541033, 5324
3895, 0, 3235, 3427, 3236, 272, 8.12%, 43, 2, 34, 668.37, 2544033, 5324
3900, 0, 2624, 3427, 3235, 271, 8.12%, 43, 2, 34, 676.19, 2547434, 5324
3905, 0, 739, 3429, 3236, 270, 8.12%, 43, 2, 34, 744.60, 2550984, 5324
3910, 0, 3089, 3440, 3246, 269, 8.12%, 43, 2, 34, 764.52, 2554860, 5324
3915, 0, 3089, 3445, 3251, 269, 8.13%, 43, 2, 34, 781.84, 2558795, 5325
3920, 0, 3089, 3446, 3252, 269, 8.13%, 43, 2, 34, 786.54, 2562867, 5325
3926, 0, 3089, 3447, 3253, 269, 8.13%, 43, 2, 34, 796.46, 2566984, 5325
3931, 0, 3089, 3447, 3253, 269, 8.13%, 43, 2, 34, 786.74, 2571049, 5325
3936, 0, 3089, 3448, 3254, 269, 8.13%, 43, 2, 34, 774.10, 2574926, 5325
3941, 0, 3089, 3448, 3254, 269, 8.13%, 44, 2, 34, 127.73, 2578932, 5325
3947, 0, 3089, 3449, 3255, 269, 8.13%, 44, 2, 34, 793.53, 2583034, 5326
3952, 0, 3089, 3451, 3257, 269, 8.13%, 44, 2, 34, 764.73, 2587028, 5326
3957, 0, 2902, 3451, 3256, 269, 8.13%, 44, 2, 34, 727.22, 2590653, 5326
3962, 0, 3323, 3451, 3254, 267, 8.13%, 44, 2, 34, 738.17, 2594424, 5326
3967, 0, 3323, 3451, 3254, 267, 8.13%, 44, 2, 34, 665.23, 2597618, 5326
3972, 0, 1987, 3452, 3254, 267, 8.14%, 44, 2, 34, 645.63, 2600728, 5335
3977, 0, 3063, 3452, 3253, 266, 8.14%, 44, 2, 34, 597.43, 2603749, 5335
3982, 0, 3267, 3452, 3252, 265, 8.14%, 44, 2, 34, 596.55, 2606781, 5335
3987, 0, 2157, 3453, 3252, 264, 8.14%, 44, 2, 34, 603.60, 2609799, 5335
3992, 0, 1477, 3453, 3251, 263, 8.14%, 44, 2, 34, 788.77, 2613952, 5335
3997, 0, 976, 3454, 3251, 262, 8.14%, 44, 2, 34, 738.62, 2617696, 5335
4002, 0, 2397, 3454, 3250, 261, 8.14%, 44, 2, 34, 690.62, 2621090, 5335
4007, 0, 3422, 3455, 3250, 260, 8.14%, 44, 2, 34, 708.48, 2624660, 5335
4012, 0, 3303, 3456, 3250, 259, 8.14%, 44, 2, 34, 544.81, 2627465, 5336
4017, 0, 3303, 3457, 3251, 259, 8.14%, 44, 2, 34, 483.14, 2629752, 5336
4023, 0, 2369, 3458, 3251, 258, 8.14%, 44, 2, 34, 607.85, 2632952, 5336
4028, 0, 2348, 3458, 3250, 256, 8.14%, 44, 3, 34, 680.21, 2635779, 5336
4033, 0, 2348, 3461, 3253, 256, 8.14%, 44, 3, 34, 587.32, 2638619, 5336
4038, 0, 2348, 3463, 3255, 256, 8.14%, 44, 3, 34, 586.33, 2641647, 5336
4043, 0, 2348, 3463, 3255, 256, 8.14%, 44, 3, 34, 571.50, 2644573, 5336
4048, 0, 2348, 3463, 3255, 256, 8.14%, 44, 3, 34, 581.98, 2647609, 5336
4053, 0, 2348, 3463, 3255, 256, 8.14%, 44, 3, 34, 583.83, 2650535, 5336
4059, 0, 2348, 3465, 3257, 256, 8.14%, 44, 3, 34, 593.55, 2653607, 5337
4064, 0, 2348, 3466, 3258, 256, 8.14%, 44, 3, 34, 588.64, 2656573, 5337
4069, 0, 2348, 3466, 3258, 256, 8.14%, 44, 3, 34, 587.78, 2659510, 5337
4074, 0, 2348, 3466, 3258, 256, 8.14%, 44, 3, 34, 592.13, 2662571, 5337
4079, 0, 3354, 3471, 3262, 257, 8.16%, 44, 3, 34, 367.30, 2664401, 5349
4084, 0, 3354, 3498, 3289, 257, 8.24%, 44, 3, 34, 370.92, 2666312, 5400
4089, 0, 3354, 3507, 3298, 257, 8.24%, 44, 3, 34, 394.34, 2668349, 5400
4094, 0, 3354, 3510, 3301, 257, 8.24%, 44, 3, 34, 380.64, 2670274, 5400
4099, 0, 3354, 3512, 3303, 257, 8.24%, 44, 3, 34, 396.96, 2672311, 5401
4104, 0, 3354, 3515, 3306, 257, 8.24%, 44, 3, 34, 404.50, 2674395, 5401
4110, 0, 3354, 3516, 3307, 257, 8.24%, 44, 3, 34, 404.57, 2676522, 5401
4115, 0, 3354, 3516, 3307, 257, 8.24%, 44, 3, 34, 399.28, 2678569, 5401
4120, 0, 3354, 3516, 3307, 257, 8.24%, 44, 3, 34, 395.76, 2680585, 5401
4125, 0, 3354, 3516, 3307, 257, 8.24%, 44, 3, 34, 401.85, 2682602, 5401
4130, 0, 3354, 3516, 3307, 257, 8.24%, 44, 3, 34, 407.72, 2684690, 5401
4135, 0, 3354, 3523, 3314, 257, 8.25%, 44, 3, 34, 319.32, 2686362, 5405
4140, 0, 3354, 3527, 3318, 257, 8.25%, 44, 3, 34, 266.76, 2687682, 5405
4146, 0, 3354, 3533, 3324, 257, 8.25%, 44, 3, 34, 515.88, 2690190, 5409
4151, 0, 3451, 3536, 3326, 262, 8.25%, 44, 3, 34, 665.81, 2693899, 5409
4156, 0, 3451, 3536, 3326, 262, 8.25%, 45, 3, 34, 670.50, 2697274, 5409
4161, 0, 3425, 3536, 3324, 260, 8.25%, 46, 3, 34, 594.29, 2700368, 5409
4166, 0, 3425, 3539, 3327, 260, 8.25%, 46, 3, 34, 372.23, 2701859, 5409
4171, 0, 3425, 3540, 3328, 260, 8.25%, 46, 3, 34, 371.23, 2703728, 5409
4176, 0, 3425, 3542, 3330, 260, 8.25%, 46, 3, 34, 372.74, 2705604, 5409
4181, 0, 3425, 3543, 3331, 260, 8.25%, 46, 3, 34, 381.45, 2707592, 5409
4186, 0, 3425, 3543, 3331, 260, 8.25%, 46, 3, 34, 382.19, 2709524, 5409
4191, 0, 3425, 3543, 3331, 260, 8.25%, 46, 3, 34, 382.67, 2711442, 5409
4196, 0, 3425, 3543, 3331, 260, 8.25%, 46, 3, 34, 381.68, 2713374, 5409
4201, 0, 3425, 3543, 3331, 260, 8.25%, 46, 3, 34, 376.93, 2715243, 5409
4206, 0, 3425, 3543, 3331, 260, 8.25%, 46, 3, 34, 379.88, 2717154, 5409
4212, 0, 3425, 3544, 3332, 260, 8.25%, 46, 3, 34, 392.39, 2719142, 5409
4217, 0, 3425, 3544, 3332, 260, 8.25%, 46, 3, 34, 390.78, 2721102, 5409
4222, 0, 3441, 3544, 3331, 260, 8.25%, 46, 3, 34, 602.72, 2724153, 5409
4227, 0, 3475, 3544, 3330, 259, 8.25%, 46, 3, 34, 621.27, 2727771, 5409
4232, 0, 3475, 3544, 3330, 259, 8.25%, 46, 3, 34, 436.48, 2729577, 5409
4237, 0, 2881, 3544, 3329, 258, 8.25%, 46, 3, 34, 644.62, 2733113, 5409
4242, 0, 313, 3545, 3329, 258, 8.25%, 46, 3, 34, 690.79, 2736717, 5409
4247, 0, 3475, 3546, 3329, 257, 8.25%, 46, 3, 34, 582.27, 2739952, 5409
4253, 0, 3475, 3546, 3329, 257, 8.25%, 46, 3, 34, 452.17, 2742070, 5409
4258, 0, 3475, 3546, 3329, 257, 8.25%, 46, 3, 34, 436.24, 2744262, 5409
4263, 0, 3475, 3546, 3329, 257, 8.25%, 46, 3, 34, 425.90, 2746390, 5409
4268, 0, 3475, 3546, 3329, 257, 8.25%, 46, 3, 34, 434.28, 2748646, 5409
4273, 0, 3475, 3547, 3330, 257, 8.25%, 46, 3, 34, 431.33, 2750893, 5409
4278, 0, 3475, 3547, 3330, 257, 8.25%, 46, 3, 34, 423.25, 2753037, 5409
4283, 0, 3475, 3548, 3331, 257, 8.25%, 46, 3, 34, 426.98, 2755204, 5409
4288, 0, 3475, 3549, 3332, 257, 8.25%, 46, 3, 34, 428.33, 2757435, 5409
4293, 0, 3475, 3549, 3332, 257, 8.25%, 46, 3, 34, 434.31, 2759627, 5409
4298, 0, 3475, 3549, 3332, 257, 8.25%, 46, 3, 34, 429.48, 2761771, 5409
4304, 0, 3475, 3551, 3334, 257, 8.26%, 46, 3, 34, 571.37, 2764790, 5411
4309, 0, 3475, 3551, 3334, 257, 8.26%, 46, 3, 34, 545.58, 2767579, 5411
4314, 0, 3475, 3551, 3334, 257, 8.26%, 46, 3, 34, 553.67, 2770459, 5411
4319, 0, 3475, 3551, 3334, 257, 8.26%, 46, 3, 34, 572.23, 2773271, 5411
4324, 0, 2047, 3551, 3334, 258, 8.26%, 46, 3, 34, 581.03, 2776391, 5411
4329, 0, 2047, 3554, 3337, 258, 8.26%, 46, 3, 34, 586.46, 2779257, 5411
4334, 0, 2047, 3555, 3338, 258, 8.26%, 46, 3, 34, 602.76, 2782400, 5411
4340, 0, 2047, 3555, 3338, 258, 8.26%, 46, 3, 34, 620.96, 2785652, 5411
4344, 0, 2047, 3555, 3338, 258, 8.26%, 46, 3, 34, 623.73, 2788615, 5411
