# unix_time, cycles_done, cur_path, paths_total, pending_total, pending_favs, map_size, unique_crashes, unique_hangs, max_depth, execs_per_sec
1669705265, 0, 0, 10, 10, 3, 0.73%, 0, 0, 1, 2000.00
1669705270, 0, 1, 24, 24, 3, 0.85%, 0, 0, 2, 2230.48
1669705276, 0, 1, 25, 25, 3, 1.10%, 0, 0, 2, 2281.43
1669705281, 0, 10, 30, 28, 13, 1.16%, 0, 0, 3, 2295.92
1669705286, 0, 14, 34, 31, 15, 1.17%, 0, 0, 3, 2275.79
1669705291, 0, 14, 36, 33, 15, 1.22%, 0, 0, 3, 2231.95
1669705296, 0, 14, 38, 35, 15, 1.23%, 0, 0, 3, 2282.88
1669705301, 0, 18, 39, 34, 16, 1.23%, 0, 0, 3, 2320.73
1669705306, 0, 19, 39, 33, 15, 1.23%, 0, 0, 3, 2371.73
1669705311, 0, 22, 40, 32, 14, 1.23%, 0, 0, 3, 2384.54
1669705316, 0, 24, 48, 38, 14, 1.26%, 0, 0, 3, 2297.41
1669705321, 0, 24, 56, 46, 14, 1.35%, 0, 0, 3, 2217.59
1669705327, 0, 29, 61, 49, 25, 1.36%, 0, 0, 4, 2283.83
1669705332, 0, 32, 65, 50, 26, 1.39%, 0, 0, 4, 2294.32
1669705337, 0, 34, 75, 59, 26, 1.44%, 0, 0, 4, 2271.19
1669705342, 0, 34, 78, 62, 26, 1.45%, 0, 0, 4, 2238.47
1669705347, 0, 34, 84, 68, 26, 1.46%, 0, 0, 4, 2264.95
1669705352, 0, 40, 87, 68, 32, 1.48%, 0, 0, 4, 2330.11
1669705357, 0, 42, 92, 71, 34, 1.50%, 0, 0, 4, 2311.02
1669705362, 0, 43, 92, 70, 32, 1.50%, 0, 0, 4, 2288.52
1669705367, 0, 45, 92, 69, 31, 1.50%, 0, 0, 4, 2200.57
1669705372, 0, 46, 92, 68, 30, 1.50%, 0, 0, 4, 2230.71
1669705377, 0, 48, 92, 67, 29, 1.50%, 0, 0, 4, 2231.10
1669705382, 0, 49, 92, 66, 28, 1.50%, 0, 0, 4, 2269.39
1669705387, 0, 50, 95, 68, 30, 1.51%, 0, 0, 4, 2371.51
1669705393, 0, 51, 95, 67, 29, 1.51%, 0, 0, 4, 2280.23
1669705403, 0, 52, 95, 66, 28, 1.51%, 0, 0, 4, 2228.74
1669705408, 0, 53, 96, 66, 28, 1.52%, 0, 0, 4, 2238.79
1669705413, 0, 55, 96, 65, 27, 1.52%, 0, 0, 4, 2214.71
1669705418, 0, 57, 106, 73, 25, 1.60%, 0, 0, 5, 2257.43
1669705423, 0, 57, 115, 82, 25, 1.62%, 0, 0, 5, 2272.27
1669705428, 0, 57, 120, 87, 25, 1.63%, 0, 0, 5, 2287.50
1669705433, 0, 57, 123, 90, 25, 1.63%, 0, 0, 5, 2279.24
1669705438, 0, 61, 124, 89, 38, 1.63%, 0, 0, 5, 2335.24
1669705444, 0, 61, 128, 93, 38, 1.65%, 0, 0, 5, 2289.50
1669705449, 0, 61, 129, 94, 38, 1.65%, 0, 0, 5, 2277.43
1669705454, 0, 62, 130, 94, 41, 1.65%, 0, 0, 5, 2306.65
1669705459, 0, 67, 140, 102, 40, 1.66%, 0, 0, 5, 2296.33
1669705464, 0, 67, 146, 108, 40, 1.67%, 0, 0, 5, 2244.06
1669705469, 0, 67, 148, 110, 40, 1.67%, 0, 0, 5, 2191.96
1669705474, 0, 68, 151, 112, 47, 1.67%, 0, 0, 5, 2186.45
1669705479, 0, 73, 157, 117, 47, 1.67%, 0, 0, 5, 2240.88
1669705484, 0, 73, 161, 121, 47, 1.67%, 0, 0, 5, 2258.67
1669705490, 0, 73, 162, 122, 47, 1.67%, 0, 0, 5, 2298.63
1669705495, 0, 78, 164, 122, 47, 1.67%, 0, 0, 5, 2314.12
1669705500, 0, 80, 166, 123, 46, 1.68%, 0, 0, 5, 2355.91
1669705505, 0, 85, 166, 121, 46, 1.68%, 0, 0, 5, 2359.42
1669705510, 0, 86, 168, 122, 45, 1.69%, 0, 0, 5, 2383.01
1669705520, 0, 88, 170, 122, 46, 1.74%, 0, 0, 5, 2356.57
1669705525, 0, 91, 170, 119, 44, 1.74%, 0, 0, 5, 2282.16
1669705530, 0, 91, 173, 122, 44, 1.75%, 0, 0, 5, 2241.77
1669705535, 0, 92, 174, 122, 46, 1.75%, 0, 0, 5, 2348.19
1669705540, 0, 93, 175, 122, 46, 1.76%, 0, 0, 5, 2359.95
1669705546, 0, 94, 175, 121, 46, 1.76%, 0, 0, 5, 2305.80
1669705551, 0, 95, 176, 121, 46, 1.76%, 0, 0, 5, 2262.92
1669705556, 0, 96, 176, 120, 45, 1.76%, 0, 0, 5, 2285.72
1669705561, 0, 97, 176, 119, 44, 1.76%, 0, 0, 5, 2301.22
1669705566, 0, 98, 176, 118, 43, 1.76%, 0, 0, 5, 2278.34
1669705571, 0, 99, 181, 122, 42, 1.78%, 0, 0, 6, 2286.13
1669705576, 0, 99, 184, 125, 42, 1.78%, 0, 0, 6, 2275.83
1669705581, 0, 99, 185, 126, 42, 1.78%, 0, 0, 6, 2274.13
1669705587, 0, 101, 186, 126, 46, 1.78%, 0, 0, 6, 2281.35
1669705592, 0, 102, 187, 126, 45, 1.78%, 0, 0, 6, 2289.32
1669705597, 0, 103, 187, 125, 45, 1.78%, 0, 0, 6, 2296.61
1669705602, 0, 104, 188, 125, 44, 1.79%, 0, 0, 6, 2274.49
1669705607, 0, 105, 189, 125, 44, 1.79%, 0, 0, 6, 2311.85
1669705612, 0, 106, 191, 126, 43, 1.79%, 0, 0, 6, 2311.61
1669705617, 0, 106, 193, 128, 43, 1.79%, 0, 0, 6, 2284.79
1669705622, 0, 108, 194, 128, 44, 1.79%, 0, 0, 6, 2299.52
1669705627, 0, 112, 195, 127, 42, 1.79%, 0, 0, 6, 2271.74
1669705632, 0, 112, 198, 130, 42, 1.79%, 0, 0, 6, 2262.76
1669705637, 0, 113, 198, 129, 42, 1.79%, 0, 0, 6, 2264.63
1669705642, 0, 115, 198, 128, 41, 1.79%, 0, 0, 6, 2270.52
1669705648, 0, 128, 204, 131, 38, 1.83%, 0, 0, 6, 2297.54
1669705653, 0, 128, 218, 145, 38, 1.91%, 0, 0, 6, 2308.54
1669705658, 0, 128, 223, 150, 38, 1.93%, 0, 0, 6, 2309.84
1669705663, 0, 128, 228, 155, 38, 1.99%, 0, 0, 6, 2317.35
1669705668, 0, 129, 228, 154, 58, 1.99%, 0, 0, 6, 2299.77
1669705673, 0, 130, 231, 156, 58, 1.99%, 0, 0, 6, 2293.53
1669705678, 0, 130, 235, 160, 58, 1.99%, 0, 0, 6, 2298.15
1669705683, 0, 130, 236, 161, 58, 1.99%, 0, 0, 6, 2296.47
1669705688, 0, 132, 237, 161, 57, 1.99%, 0, 0, 6, 2286.86
1669705693, 0, 138, 240, 160, 56, 2.11%, 0, 0, 6, 2285.37
1669705699, 0, 146, 243, 161, 56, 2.12%, 0, 0, 6, 2296.97
1669705704, 0, 153, 250, 167, 56, 2.12%, 0, 0, 6, 2292.48
1669705709, 0, 153, 252, 169, 56, 2.12%, 0, 0, 6, 2263.00
1669705714, 0, 153, 254, 171, 56, 2.12%, 0, 0, 6, 2275.34
1669705719, 0, 154, 258, 174, 57, 2.15%, 0, 0, 6, 2308.80
1669705724, 0, 163, 259, 174, 59, 2.15%, 0, 0, 6, 2317.33
1669705729, 0, 163, 262, 177, 59, 2.15%, 0, 0, 6, 2285.56
1669705734, 0, 163, 265, 180, 59, 2.15%, 0, 0, 6, 2273.77
1669705739, 0, 163, 266, 181, 59, 2.15%, 0, 0, 6, 2271.15
1669705744, 0, 164, 267, 181, 58, 2.16%, 0, 0, 6, 2183.82
1669705750, 0, 165, 268, 181, 58, 2.16%, 0, 0, 6, 2168.20
1669705755, 0, 166, 272, 184, 57, 2.17%, 0, 0, 6, 2278.80
1669705760, 0, 167, 273, 184, 60, 2.18%, 0, 0, 6, 2367.33
1669705765, 0, 167, 274, 185, 60, 2.18%, 0, 0, 6, 2346.32
1669705770, 0, 168, 274, 184, 61, 2.18%, 0, 0, 6, 2391.72
1669705775, 0, 169, 275, 184, 60, 2.19%, 0, 0, 6, 2357.17
1669705780, 0, 170, 276, 184, 61, 2.20%, 0, 0, 6, 2229.12
1669705785, 0, 171, 276, 183, 60, 2.20%, 0, 0, 6, 2198.84
1669705790, 0, 173, 276, 181, 58, 2.20%, 0, 0, 6, 2229.32
1669705795, 0, 173, 277, 182, 58, 2.21%, 0, 0, 6, 2292.20
1669705800, 0, 174, 278, 182, 58, 2.22%, 0, 0, 6, 2300.27
1669705805, 0, 175, 280, 183, 58, 2.23%, 0, 0, 6, 2299.20
1669705811, 0, 176, 282, 184, 59, 2.24%, 0, 0, 7, 2276.95
1669705816, 0, 177, 282, 183, 59, 2.24%, 0, 0, 7, 2268.44
1669705821, 0, 179, 282, 182, 58, 2.24%, 0, 0, 7, 2270.69
1669705826, 0, 181, 282, 181, 57, 2.24%, 0, 0, 7, 2291.60
1669705831, 0, 186, 283, 181, 56, 2.24%, 0, 0, 7, 2242.20
1669705836, 0, 187, 283, 180, 55, 2.24%, 0, 0, 7, 2279.50
1669705841, 0, 189, 283, 178, 53, 2.24%, 0, 0, 7, 2297.13
1669705846, 0, 194, 283, 177, 52, 2.24%, 0, 0, 7, 2311.53
1669705851, 0, 198, 283, 175, 50, 2.24%, 0, 0, 7, 2309.55
1669705856, 0, 200, 284, 175, 49, 2.24%, 0, 0, 7, 2341.68
1669705861, 0, 200, 295, 186, 49, 2.31%, 0, 0, 7, 2306.99
1669705867, 0, 200, 306, 197, 49, 2.39%, 0, 0, 7, 2289.57
1669705872, 0, 201, 312, 202, 59, 2.41%, 0, 0, 7, 2294.04
1669705877, 0, 201, 317, 207, 59, 2.42%, 0, 0, 7, 2324.42
1669705882, 0, 201, 322, 212, 59, 2.42%, 0, 0, 7, 2249.26
1669705887, 0, 201, 325, 215, 59, 2.43%, 0, 0, 7, 2281.20
1669705892, 0, 203, 326, 215, 62, 2.43%, 0, 0, 7, 2314.01
1669705897, 0, 204, 326, 214, 61, 2.43%, 0, 0, 7, 2330.62
1669705902, 0, 205, 326, 213, 60, 2.43%, 0, 0, 7, 2319.53
1669705907, 0, 205, 333, 220, 60, 2.46%, 0, 0, 7, 2323.81
1669705912, 0, 205, 339, 226, 60, 2.47%, 0, 0, 7, 2310.82
1669705917, 0, 205, 341, 228, 60, 2.47%, 0, 0, 7, 2303.10
1669705922, 0, 209, 345, 231, 71, 2.49%, 0, 0, 7, 2290.70
1669705927, 0, 209, 349, 235, 71, 2.49%, 0, 0, 7, 2260.96
1669705933, 0, 209, 352, 238, 71, 2.50%, 0, 0, 7, 2242.12
1669705938, 0, 209, 353, 239, 71, 2.50%, 0, 0, 7, 2209.27
1669705943, 0, 212, 354, 239, 76, 2.50%, 0, 0, 7, 2194.64
1669705948, 0, 214, 354, 238, 75, 2.50%, 0, 0, 7, 2181.30
1669705953, 0, 214, 357, 241, 75, 2.50%, 0, 0, 7, 2223.42
1669705958, 0, 215, 357, 240, 74, 2.50%, 0, 0, 7, 2233.54
1669705968, 0, 218, 359, 241, 73, 2.51%, 0, 0, 7, 2271.44
1669705973, 0, 219, 359, 240, 74, 2.51%, 0, 0, 7, 2270.48
1669705978, 0, 220, 359, 239, 73, 2.51%, 0, 0, 7, 2264.98
1669705983, 0, 221, 359, 238, 72, 2.51%, 0, 0, 7, 2229.68
1669705988, 0, 223, 361, 239, 70, 2.51%, 0, 0, 7, 2226.18
1669705993, 0, 224, 361, 238, 69, 2.51%, 0, 0, 7, 2229.41
1669705998, 0, 224, 362, 239, 69, 2.51%, 0, 0, 7, 2272.24
1669706003, 0, 224, 369, 246, 69, 2.52%, 0, 0, 7, 2263.86
1669706009, 0, 224, 372, 249, 69, 2.54%, 0, 0, 7, 2275.22
1669706014, 0, 225, 374, 250, 75, 2.55%, 0, 0, 7, 2279.29
1669706019, 0, 226, 375, 250, 74, 2.55%, 0, 0, 7, 2317.88
1669706024, 0, 238, 375, 248, 73, 2.55%, 0, 0, 7, 2302.55
1669706029, 0, 241, 377, 247, 71, 2.55%, 0, 0, 7, 2277.93
1669706034, 0, 247, 378, 246, 70, 2.55%, 0, 0, 7, 2270.80
1669706039, 0, 247, 383, 251, 70, 2.55%, 0, 0, 7, 2264.11
1669706044, 0, 247, 386, 254, 70, 2.55%, 0, 0, 7, 2230.59
1669706049, 0, 247, 390, 258, 70, 2.55%, 0, 0, 7, 2257.25
1669706054, 0, 255, 393, 259, 71, 2.56%, 0, 0, 7, 2276.86
1669706059, 0, 255, 399, 265, 71, 2.56%, 0, 0, 7, 2269.15
1669706069, 0, 257, 400, 265, 71, 2.57%, 0, 0, 7, 2253.10
1669706074, 0, 258, 401, 265, 70, 2.57%, 0, 0, 7, 2286.10
1669706080, 0, 267, 401, 264, 70, 2.57%, 0, 0, 7, 2248.30
1669706085, 0, 268, 401, 263, 69, 2.57%, 0, 0, 7, 2330.63
1669706090, 0, 269, 401, 262, 68, 2.57%, 0, 0, 7, 2324.92
1669706095, 0, 270, 401, 261, 67, 2.57%, 0, 0, 7, 2300.14
1669706105, 0, 271, 401, 260, 66, 2.57%, 0, 0, 7, 2298.11
1669706110, 0, 272, 401, 259, 65, 2.57%, 0, 0, 7, 2325.77
1669706120, 0, 273, 401, 258, 64, 2.57%, 0, 0, 7, 2309.47
1669706125, 0, 275, 405, 260, 66, 2.59%, 0, 0, 7, 2290.01
1669706130, 0, 275, 409, 264, 66, 2.64%, 0, 0, 7, 2275.94
1669706135, 0, 275, 411, 266, 66, 2.65%, 0, 0, 7, 2301.26
1669706141, 0, 276, 413, 267, 71, 2.67%, 0, 0, 7, 2355.34
1669706146, 0, 277, 416, 269, 74, 2.69%, 0, 0, 7, 2362.98
1669706151, 0, 278, 416, 268, 73, 2.69%, 0, 0, 7, 2276.03
1669706161, 0, 279, 416, 267, 72, 2.69%, 0, 0, 7, 2288.82
1669706166, 0, 280, 416, 266, 71, 2.69%, 0, 0, 7, 2255.69
1669706171, 0, 281, 416, 265, 70, 2.69%, 0, 0, 7, 2214.79
1669706176, 0, 282, 416, 264, 69, 2.69%, 0, 0, 7, 2225.55
1669706181, 0, 295, 418, 265, 69, 2.69%, 0, 0, 8, 2246.49
1669706186, 0, 296, 419, 265, 69, 2.70%, 0, 0, 8, 2298.30
1669706191, 0, 297, 419, 264, 68, 2.70%, 0, 0, 8, 2308.32
1669706196, 0, 299, 421, 265, 67, 2.71%, 0, 0, 8, 2315.40
1669706202, 0, 302, 429, 272, 72, 2.73%, 0, 0, 8, 2312.55
1669706207, 0, 304, 430, 272, 73, 2.73%, 0, 0, 8, 2329.70
1669706212, 0, 304, 434, 276, 73, 2.73%, 0, 0, 8, 2317.87
1669706227, 0, 306, 436, 277, 73, 2.73%, 0, 0, 8, 2290.18
1669706232, 0, 308, 436, 276, 72, 2.73%, 0, 0, 8, 2294.22
1669706237, 0, 308, 439, 279, 72, 2.73%, 0, 0, 8, 2271.73
1669706242, 0, 308, 441, 281, 72, 2.74%, 0, 0, 8, 2226.52
1669706252, 0, 312, 442, 281, 71, 2.74%, 0, 0, 8, 2237.32
1669706258, 0, 313, 442, 280, 70, 2.74%, 0, 0, 8, 2237.13
1669706263, 0, 319, 442, 279, 69, 2.74%, 0, 0, 8, 2185.14
1669706268, 0, 320, 442, 278, 68, 2.74%, 0, 0, 8, 2191.72
1669706273, 0, 322, 442, 277, 67, 2.74%, 0, 0, 8, 2237.03
1669706278, 0, 324, 442, 276, 66, 2.74%, 0, 0, 8, 2265.75
1669706283, 0, 327, 442, 275, 65, 2.74%, 0, 0, 8, 2260.48
1669706288, 0, 329, 443, 275, 64, 2.74%, 0, 0, 8, 2286.53
1669706298, 0, 331, 443, 273, 63, 2.74%, 0, 0, 8, 2187.53
1669706308, 0, 333, 443, 272, 62, 2.74%, 0, 0, 8, 2236.04
1669706313, 0, 334, 443, 271, 61, 2.74%, 0, 0, 8, 2235.09
1669706318, 0, 335, 444, 271, 60, 2.74%, 0, 0, 8, 2275.25
1669706323, 0, 336, 444, 270, 60, 2.74%, 0, 0, 8, 2270.04
1669706329, 0, 337, 444, 269, 59, 2.74%, 0, 0, 8, 2314.21
1669706334, 0, 339, 444, 268, 58, 2.74%, 0, 0, 8, 2318.49
1669706339, 0, 340, 444, 267, 57, 2.74%, 0, 0, 8, 2322.43
1669706344, 0, 342, 447, 269, 56, 2.75%, 0, 0, 8, 2285.30
1669706349, 0, 344, 447, 268, 56, 2.75%, 0, 0, 8, 2306.87
1669706354, 0, 346, 447, 267, 55, 2.75%, 0, 0, 8, 2320.66
1669706359, 0, 350, 448, 267, 54, 2.75%, 0, 0, 8, 2297.21
1669706364, 0, 352, 449, 267, 53, 2.75%, 0, 0, 8, 2298.81
1669706369, 0, 361, 449, 266, 52, 2.75%, 0, 0, 8, 2320.97
1669706374, 0, 365, 450, 266, 52, 2.75%, 0, 0, 8, 2267.27
1669706379, 0, 365, 452, 268, 52, 2.75%, 0, 0, 8, 2310.56
1669706384, 0, 365, 454, 270, 52, 2.75%, 0, 0, 8, 2302.27
1669706389, 0, 365, 455, 271, 52, 2.75%, 0, 0, 8, 2245.41
1669706394, 0, 366, 457, 272, 53, 2.75%, 0, 0, 8, 2259.32
1669706399, 0, 369, 457, 271, 53, 2.75%, 0, 0, 8, 2268.72
1669706404, 0, 370, 457, 270, 52, 2.75%, 0, 0, 8, 2300.66
1669706409, 0, 371, 457, 269, 51, 2.75%, 0, 0, 8, 2308.84
1669706414, 0, 372, 458, 269, 51, 2.75%, 0, 0, 8, 2272.40
1669706425, 0, 374, 459, 269, 50, 2.76%, 0, 0, 8, 2364.47
1669706430, 0, 377, 461, 269, 49, 2.76%, 0, 0, 8, 2311.58
1669706435, 0, 377, 464, 272, 49, 2.76%, 0, 0, 8, 2300.90
1669706440, 0, 377, 465, 273, 49, 2.76%, 0, 0, 8, 2293.48
1669706445, 0, 379, 466, 273, 48, 2.76%, 0, 0, 8, 2304.87
1669706450, 0, 385, 467, 273, 47, 2.76%, 0, 0, 8, 2313.41
1669706455, 0, 394, 468, 272, 45, 2.76%, 0, 0, 8, 2307.44
1669706460, 0, 399, 470, 273, 45, 2.77%, 0, 0, 8, 2275.10
1669706465, 0, 399, 475, 278, 45, 2.80%, 0, 0, 8, 2260.34
1669706470, 0, 399, 478, 281, 45, 2.80%, 0, 0, 8, 2275.10
1669706475, 0, 401, 478, 280, 50, 2.80%, 0, 0, 8, 2293.86
1669706480, 0, 405, 502, 301, 50, 2.84%, 0, 0, 8, 2283.91
1669706485, 0, 406, 503, 301, 68, 2.84%, 0, 0, 8, 2244.35
1669706491, 0, 408, 503, 299, 66, 2.84%, 0, 0, 8, 2271.89
1669706496, 0, 411, 505, 298, 64, 2.84%, 0, 0, 8, 2292.26
1669706501, 0, 412, 506, 298, 65, 2.85%, 0, 0, 8, 2359.05
1669706506, 0, 413, 507, 298, 65, 2.85%, 0, 0, 8, 2343.94
1669706511, 0, 413, 509, 300, 65, 2.94%, 0, 0, 8, 2340.10
1669706516, 0, 414, 509, 299, 66, 2.94%, 0, 0, 8, 2398.94
1669706521, 0, 415, 516, 305, 65, 3.13%, 0, 0, 8, 2282.17
1669706526, 0, 417, 518, 306, 70, 3.13%, 0, 0, 9, 2252.64
1669706531, 0, 417, 519, 307, 70, 3.13%, 0, 0, 9, 2168.39
1669706536, 0, 418, 522, 309, 70, 3.13%, 0, 0, 9, 2186.57
1669706541, 0, 419, 523, 309, 70, 3.13%, 0, 0, 9, 2257.99
1669706546, 0, 421, 523, 308, 69, 3.13%, 0, 0, 9, 2294.61
1669706551, 0, 422, 523, 307, 68, 3.13%, 0, 0, 9, 2286.24
1669706556, 0, 422, 524, 308, 68, 3.13%, 0, 0, 9, 2291.66
1669706561, 0, 423, 524, 307, 67, 3.13%, 0, 0, 9, 2299.04
1669706567, 0, 424, 524, 306, 66, 3.13%, 0, 0, 9, 2298.61
1669706572, 0, 425, 524, 305, 65, 3.13%, 0, 0, 9, 2296.25
1669706577, 0, 426, 524, 304, 64, 3.13%, 0, 0, 9, 2274.95
1669706582, 0, 427, 524, 303, 63, 3.13%, 0, 0, 9, 1875.22
1669706587, 0, 428, 524, 302, 62, 3.13%, 0, 0, 9, 1986.83
1669706592, 0, 430, 526, 303, 61, 3.13%, 0, 0, 9, 1865.56
1669706597, 0, 430, 527, 304, 61, 3.14%, 0, 0, 9, 1959.80
1669706602, 0, 433, 530, 306, 62, 3.14%, 0, 0, 9, 1972.17
1669706612, 0, 435, 530, 305, 62, 3.14%, 0, 0, 9, 1836.46
1669706622, 0, 439, 530, 304, 61, 3.14%, 0, 0, 9, 2245.41
1669706627, 0, 440, 530, 303, 60, 3.14%, 0, 0, 9, 2261.00
1669706633, 0, 442, 531, 303, 59, 3.14%, 0, 0, 9, 2258.18
1669706638, 0, 443, 532, 303, 58, 3.14%, 0, 0, 9, 2283.26
1669706643, 0, 444, 533, 303, 57, 3.14%, 0, 0, 9, 2297.46
1669706648, 0, 444, 534, 304, 57, 3.14%, 0, 0, 9, 2293.77
1669706653, 0, 446, 535, 304, 56, 3.14%, 0, 0, 9, 2296.02
1669706663, 0, 448, 536, 304, 55, 3.14%, 0, 0, 9, 2261.23
1669706668, 0, 449, 536, 303, 54, 3.14%, 0, 0, 9, 2304.19
1669706673, 0, 455, 536, 302, 53, 3.14%, 0, 0, 9, 2308.15
1669706679, 0, 456, 536, 301, 52, 3.14%, 0, 0, 9, 2298.63
1669706684, 0, 457, 536, 300, 51, 3.14%, 0, 0, 9, 2288.84
1669706689, 0, 457, 539, 303, 51, 3.14%, 0, 0, 9, 2287.03
1669706694, 0, 457, 540, 304, 51, 3.14%, 0, 0, 9, 2288.97
1669706699, 0, 458, 541, 304, 50, 3.14%, 0, 0, 9, 2257.97
1669706704, 0, 467, 542, 304, 50, 3.15%, 0, 0, 9, 2272.52
1669706709, 0, 468, 542, 303, 49, 3.15%, 0, 0, 9, 2218.34
1669706714, 0, 469, 542, 302, 48, 3.15%, 0, 0, 9, 2261.92
1669706719, 0, 469, 543, 303, 48, 3.15%, 0, 0, 9, 2274.88
1669706724, 0, 472, 543, 302, 47, 3.15%, 0, 0, 9, 2282.20
1669706729, 0, 473, 545, 303, 46, 3.15%, 0, 0, 9, 2290.34
1669706740, 0, 473, 548, 306, 46, 3.16%, 0, 0, 9, 2290.87
1669706750, 0, 474, 548, 305, 48, 3.16%, 0, 0, 9, 2279.78
1669706755, 0, 475, 548, 304, 47, 3.16%, 0, 0, 9, 2295.64
1669706765, 0, 478, 548, 303, 46, 3.16%, 0, 0, 9, 2225.11
1669706770, 0, 480, 550, 303, 46, 3.17%, 0, 0, 9, 2281.25
1669706775, 0, 484, 550, 301, 44, 3.17%, 0, 0, 9, 2285.28
1669706780, 0, 485, 550, 300, 43, 3.17%, 0, 0, 9, 2260.11
1669706785, 0, 486, 550, 299, 42, 3.17%, 0, 0, 9, 2275.41
1669706790, 0, 488, 550, 297, 40, 3.17%, 0, 0, 9, 2276.29
1669706796, 0, 489, 550, 296, 39, 3.17%, 0, 0, 9, 2254.30
1669706801, 0, 491, 550, 294, 37, 3.17%, 0, 0, 9, 2241.85
1669706806, 0, 492, 550, 293, 36, 3.17%, 0, 0, 9, 2262.41
1669706811, 0, 493, 550, 292, 35, 3.17%, 0, 0, 9, 2264.16
1669706816, 0, 495, 550, 290, 33, 3.17%, 0, 0, 9, 2270.23
1669706821, 0, 496, 550, 289, 32, 3.17%, 0, 0, 9, 2265.18
1669706826, 0, 498, 550, 287, 30, 3.17%, 0, 0, 9, 2247.73
1669706831, 0, 499, 550, 286, 29, 3.17%, 0, 0, 9, 2256.15
1669706836, 0, 500, 551, 286, 28, 3.18%, 0, 0, 9, 2265.93
1669706841, 0, 503, 551, 284, 27, 3.18%, 0, 0, 9, 2249.83
1669706846, 0, 505, 551, 282, 25, 3.18%, 0, 0, 9, 2293.26
1669706851, 0, 506, 551, 281, 24, 3.18%, 0, 0, 9, 2390.89
1669706856, 0, 507, 551, 280, 23, 3.18%, 0, 0, 9, 2413.51
1669706861, 0, 508, 551, 279, 22, 3.18%, 0, 0, 9, 2372.69
1669706866, 0, 509, 552, 279, 21, 3.18%, 0, 0, 9, 2347.70
1669706871, 0, 510, 553, 279, 22, 3.18%, 0, 0, 9, 2337.76
1669706877, 0, 512, 553, 278, 21, 3.18%, 0, 0, 9, 2322.78
1669706887, 0, 513, 553, 277, 20, 3.18%, 0, 0, 9, 2338.85
1669706892, 0, 514, 553, 276, 19, 3.18%, 0, 0, 9, 2334.57
1669706897, 0, 515, 553, 275, 18, 3.18%, 0, 0, 9, 2307.96
1669706907, 0, 517, 553, 274, 17, 3.18%, 0, 0, 9, 2272.23
1669706912, 0, 519, 554, 274, 16, 3.18%, 0, 0, 10, 2258.44
1669706917, 0, 524, 555, 274, 15, 3.18%, 0, 0, 10, 2286.25
1669706922, 0, 524, 556, 275, 15, 3.18%, 0, 0, 10, 2302.58
1669706927, 0, 525, 559, 277, 15, 3.18%, 0, 0, 10, 2316.12
1669706938, 0, 526, 561, 278, 17, 3.18%, 0, 0, 10, 2314.13
1669706943, 0, 529, 562, 278, 16, 3.18%, 0, 0, 10, 2314.16
1669706953, 0, 531, 565, 280, 16, 3.19%, 0, 0, 10, 2337.03
1669706958, 0, 531, 573, 288, 16, 3.19%, 0, 0, 10, 2302.00
1669706963, 0, 531, 575, 290, 16, 3.19%, 0, 0, 10, 2295.56
1669706968, 0, 541, 577, 291, 20, 3.20%, 0, 0, 10, 2357.61
1669706973, 0, 545, 577, 290, 21, 3.20%, 0, 0, 10, 2285.30
1669706983, 0, 545, 580, 293, 21, 3.21%, 0, 0, 10, 2279.39
1669706989, 0, 545, 581, 294, 21, 3.21%, 0, 0, 10, 2274.29
1669706994, 0, 547, 582, 294, 22, 3.21%, 0, 0, 10, 2268.79
1669707004, 0, 548, 582, 293, 21, 3.21%, 0, 0, 10, 2258.90
1669707009, 0, 548, 585, 296, 21, 3.21%, 0, 0, 10, 2236.04
1669707014, 0, 548, 586, 297, 21, 3.21%, 0, 0, 10, 2274.66
1669707019, 0, 549, 594, 304, 20, 3.22%, 5, 0, 10, 2282.02
1669707024, 0, 549, 595, 305, 20, 3.22%, 5, 0, 10, 2281.21
1669707030, 0, 550, 598, 307, 28, 3.23%, 5, 0, 10, 2289.84
1669707035, 0, 550, 600, 309, 28, 3.24%, 5, 0, 10, 2262.53
1669707040, 0, 551, 600, 308, 29, 3.24%, 5, 0, 10, 2270.93
1669707045, 0, 552, 600, 307, 28, 3.24%, 5, 0, 10, 2303.96
1669707050, 0, 552, 601, 308, 28, 3.24%, 5, 0, 10, 2321.34
1669707055, 0, 554, 602, 308, 28, 3.24%, 5, 0, 11, 2295.16
1669707060, 0, 556, 604, 309, 27, 3.24%, 5, 0, 11, 2291.02
1669707065, 0, 557, 604, 308, 27, 3.24%, 5, 0, 11, 2290.95
1669707070, 0, 557, 607, 311, 27, 3.24%, 5, 0, 11, 2284.71
1669707075, 0, 557, 608, 312, 27, 3.24%, 5, 0, 11, 2241.72
1669707080, 0, 561, 609, 312, 26, 3.24%, 5, 0, 11, 2280.72
1669707085, 0, 561, 610, 313, 26, 3.24%, 5, 0, 11, 2352.47
1669707090, 0, 562, 610, 312, 25, 3.24%, 5, 0, 11, 2348.02
1669707096, 0, 562, 614, 316, 25, 3.24%, 5, 0, 11, 2311.23
1669707106, 0, 563, 614, 315, 24, 3.24%, 5, 0, 11, 2284.35
1669707111, 0, 566, 614, 314, 22, 3.24%, 5, 0, 11, 2314.79
1669707121, 0, 575, 615, 314, 21, 3.28%, 5, 0, 11, 2385.47
1669707126, 0, 576, 617, 315, 21, 3.32%, 5, 0, 11, 2374.08
1669707131, 0, 577, 617, 314, 22, 3.32%, 5, 0, 11, 2337.99
1669707147, 0, 579, 618, 314, 22, 3.32%, 5, 0, 11, 2222.43
1669707162, 0, 588, 624, 318, 26, 3.33%, 8, 0, 11, 2273.06
1669707167, 0, 589, 624, 317, 25, 3.33%, 8, 0, 11, 2288.50
1669707172, 0, 591, 624, 315, 23, 3.33%, 8, 0, 11, 2289.47
1669707177, 0, 593, 625, 314, 21, 3.33%, 8, 0, 11, 2319.81
1669707182, 0, 595, 625, 312, 19, 3.33%, 8, 0, 11, 2313.34
1669707187, 0, 597, 626, 312, 18, 3.33%, 9, 0, 11, 2304.92
1669707193, 0, 598, 626, 311, 17, 3.33%, 9, 0, 11, 2319.29
1669707198, 0, 600, 626, 310, 16, 3.33%, 9, 0, 11, 2320.80
1669707208, 0, 603, 626, 309, 15, 3.33%, 9, 0, 11, 2353.20
1669707213, 0, 610, 627, 309, 14, 3.33%, 9, 0, 12, 2366.41
1669707223, 0, 614, 631, 312, 14, 3.37%, 9, 0, 12, 2305.26
1669707228, 0, 615, 632, 312, 17, 3.38%, 9, 0, 12, 2357.72
1669707233, 0, 615, 637, 317, 17, 3.45%, 9, 0, 12, 2353.25
1669707238, 0, 615, 638, 318, 17, 3.45%, 9, 0, 12, 2347.57
1669707244, 0, 616, 639, 318, 22, 3.45%, 9, 0, 12, 2339.13
1669707249, 0, 617, 642, 320, 21, 3.45%, 9, 0, 12, 2310.70
1669707264, 0, 617, 645, 323, 21, 3.45%, 9, 0, 12, 2243.86
1669707269, 0, 617, 646, 324, 21, 3.45%, 9, 0, 12, 2268.24
1669707274, 0, 618, 646, 323, 20, 3.45%, 9, 0, 12, 2276.33
1669707279, 0, 620, 646, 321, 18, 3.45%, 9, 0, 12, 2294.69
1669707284, 0, 621, 646, 320, 17, 3.45%, 9, 0, 12, 2293.63
1669707290, 0, 623, 646, 318, 15, 3.45%, 9, 0, 12, 2293.15
1669707295, 0, 626, 647, 318, 14, 3.45%, 9, 0, 13, 2311.25
1669707305, 0, 627, 649, 319, 15, 3.45%, 9, 0, 13, 2326.16
1669707310, 0, 629, 650, 319, 15, 3.45%, 9, 0, 13, 2260.57
1669707315, 0, 633, 658, 326, 19, 3.50%, 9, 0, 13, 2293.84
1669707320, 0, 633, 663, 331, 19, 3.51%, 9, 0, 13, 2375.48
1669707325, 0, 634, 663, 330, 23, 3.51%, 9, 0, 13, 2388.09
1669707330, 0, 635, 663, 329, 22, 3.51%, 9, 0, 13, 2352.16
1669707335, 0, 636, 667, 332, 21, 3.53%, 9, 0, 13, 2305.78
1669707340, 0, 636, 670, 335, 21, 3.54%, 9, 0, 13, 2293.75
1669707345, 0, 636, 672, 337, 21, 3.54%, 9, 0, 13, 2305.24
1669707351, 0, 638, 672, 336, 25, 3.54%, 9, 0, 13, 2309.77
1669707356, 0, 641, 672, 335, 24, 3.54%, 9, 0, 13, 2307.83
1669707361, 0, 641, 674, 337, 24, 3.54%, 9, 0, 13, 2314.46
1669707366, 0, 646, 674, 336, 23, 3.54%, 9, 0, 13, 2296.12
1669707376, 0, 646, 676, 338, 23, 3.54%, 9, 0, 14, 1993.37
1669707381, 0, 646, 677, 339, 23, 3.54%, 9, 0, 14, 1940.52
1669707386, 0, 647, 678, 339, 22, 3.54%, 9, 0, 14, 1906.11
1669707396, 0, 649, 679, 339, 21, 3.55%, 9, 0, 14, 1683.83
1669707401, 0, 650, 680, 339, 22, 3.56%, 9, 0, 14, 1842.96
1669707411, 0, 653, 680, 338, 21, 3.56%, 9, 0, 14, 1703.06
1669707421, 0, 654, 681, 338, 20, 3.56%, 9, 0, 14, 1953.82
1669707426, 0, 654, 685, 342, 20, 3.56%, 9, 0, 14, 1860.94
1669707431, 0, 656, 686, 342, 21, 3.57%, 9, 0, 14, 1874.11
1669707436, 0, 656, 690, 346, 21, 3.59%, 9, 0, 14, 1919.87
1669707442, 0, 658, 690, 345, 24, 3.59%, 9, 0, 14, 1963.74
1669707447, 0, 659, 690, 344, 23, 3.59%, 9, 0, 14, 1887.24
1669707457, 0, 661, 690, 343, 22, 3.59%, 9, 0, 14, 1771.94
1669707462, 0, 662, 690, 342, 21, 3.59%, 9, 0, 14, 1862.38
1669707472, 0, 663, 691, 342, 20, 3.59%, 9, 0, 14, 1849.89
1669707477, 0, 663, 692, 343, 20, 3.59%, 9, 0, 14, 1786.86
1669707482, 0, 664, 692, 342, 20, 3.59%, 9, 0, 14, 1775.34
1669707492, 0, 665, 696, 345, 19, 3.60%, 9, 0, 14, 1805.62
1669707502, 0, 668, 697, 345, 19, 3.60%, 9, 0, 14, 1762.39
1669707512, 0, 670, 701, 348, 18, 3.64%, 9, 0, 14, 1803.34
1669707522, 0, 671, 703, 349, 22, 3.64%, 9, 0, 14, 1793.16
1669707533, 0, 672, 703, 348, 22, 3.64%, 9, 0, 14, 1843.23
1669707543, 0, 678, 703, 347, 21, 3.64%, 9, 0, 14, 1895.19
1669707553, 0, 680, 703, 346, 20, 3.64%, 9, 0, 14, 1924.49
1669707558, 0, 681, 704, 346, 19, 3.64%, 9, 0, 15, 1909.97
1669707563, 0, 681, 707, 349, 19, 3.64%, 9, 0, 15, 1870.71
1669707568, 0, 684, 707, 348, 18, 3.64%, 9, 0, 15, 1720.30
1669707573, 0, 684, 708, 349, 18, 3.64%, 9, 0, 15, 1768.95
1669707578, 0, 685, 708, 348, 18, 3.64%, 9, 0, 15, 1738.76
1669707588, 0, 686, 709, 348, 17, 3.64%, 9, 0, 15, 1872.32
1669707593, 0, 687, 710, 348, 17, 3.64%, 9, 0, 15, 1785.19
1669707598, 0, 687, 711, 349, 17, 3.64%, 9, 0, 15, 1624.19
1669707604, 0, 688, 711, 348, 17, 3.64%, 9, 0, 15, 1896.76
1669707609, 0, 691, 712, 348, 17, 3.64%, 9, 0, 15, 1941.52
1669707624, 0, 694, 712, 347, 16, 3.64%, 9, 0, 15, 1926.02
1669707629, 0, 694, 713, 348, 16, 3.64%, 9, 0, 15, 1774.35
1669707634, 0, 697, 714, 348, 15, 3.64%, 9, 0, 15, 1779.28
1669707644, 0, 699, 715, 348, 14, 3.65%, 9, 0, 15, 1986.14
1669707654, 0, 699, 716, 349, 14, 3.65%, 9, 0, 15, 1913.88
1669707659, 0, 700, 717, 349, 14, 3.65%, 9, 0, 15, 1928.85
1669707669, 0, 701, 717, 348, 14, 3.65%, 9, 0, 15, 1941.16
1669707679, 0, 702, 717, 347, 13, 3.65%, 9, 0, 15, 1813.45
1669707690, 0, 707, 717, 346, 12, 3.65%, 9, 0, 15, 1772.51
1669707695, 0, 709, 718, 346, 12, 3.65%, 9, 0, 16, 1820.82
1669707705, 0, 710, 719, 346, 12, 3.65%, 9, 0, 16, 1760.27
1669707715, 0, 711, 719, 345, 11, 3.65%, 9, 0, 16, 1825.28
1669707720, 0, 711, 720, 346, 11, 3.66%, 9, 0, 16, 1822.62
1669707725, 0, 713, 720, 345, 11, 3.66%, 9, 0, 16, 1944.20
1669707740, 0, 714, 720, 344, 10, 3.66%, 9, 0, 16, 1832.00
1669707750, 0, 716, 720, 343, 9, 3.66%, 9, 0, 16, 1818.45
1669707760, 0, 717, 720, 342, 8, 3.66%, 9, 0, 16, 1763.22
1669707771, 0, 718, 721, 342, 7, 3.66%, 9, 0, 17, 1836.17
1669707776, 0, 718, 722, 343, 7, 3.66%, 9, 0, 17, 1878.16
1669707781, 0, 721, 722, 342, 6, 3.66%, 9, 0, 17, 1684.64
1669707791, 1, 79, 722, 340, 4, 3.66%, 9, 0, 17, 1744.37
1669707796, 1, 332, 722, 338, 3, 3.66%, 9, 0, 17, 1931.16
1669707806, 1, 544, 722, 337, 2, 3.66%, 9, 0, 17, 1910.66
1669707816, 1, 564, 722, 336, 2, 3.66%, 9, 0, 17, 1712.27
1669707826, 1, 564, 726, 340, 2, 3.66%, 9, 0, 17, 1780.34
1669707831, 1, 564, 728, 342, 2, 3.66%, 9, 0, 17, 1740.77
1669707836, 1, 625, 730, 343, 1, 3.66%, 10, 0, 17, 1873.95
1669707841, 1, 625, 731, 344, 1, 3.66%, 10, 0, 17, 1699.49
1669707846, 1, 679, 732, 344, 1, 3.66%, 10, 0, 17, 1852.82
1669707857, 1, 690, 733, 344, 0, 3.66%, 10, 0, 17, 1991.36
1669707867, 1, 690, 734, 345, 0, 3.66%, 10, 0, 17, 1983.24
1669707872, 1, 692, 734, 344, 0, 3.66%, 10, 0, 17, 1736.71
1669707882, 1, 695, 734, 343, 0, 3.66%, 10, 0, 17, 1792.61
1669707892, 1, 717, 734, 342, 0, 3.66%, 10, 0, 17, 1928.07
1669707897, 1, 720, 734, 342, 0, 3.66%, 10, 0, 17, 1819.60
1669707902, 1, 721, 734, 341, 0, 3.66%, 10, 0, 17, 1779.88
1669707908, 1, 722, 735, 342, 0, 3.66%, 10, 0, 17, 1852.81
1669707913, 1, 728, 735, 341, 0, 3.66%, 10, 0, 17, 1796.25
1669707923, 1, 731, 736, 341, 0, 3.66%, 10, 0, 17, 1869.58
1669707928, 1, 731, 737, 342, 0, 3.66%, 10, 0, 17, 1868.41
1669707933, 1, 731, 739, 344, 0, 3.66%, 10, 0, 17, 1902.81
1669707948, 1, 734, 739, 343, 0, 3.66%, 10, 0, 17, 1916.89
1669707958, 1, 735, 739, 342, 0, 3.66%, 10, 0, 17, 1880.38
1669707969, 1, 736, 740, 342, 0, 3.66%, 10, 0, 17, 1811.70
1669707979, 1, 739, 740, 341, 0, 3.66%, 10, 0, 17, 1838.66
1669707989, 1, 739, 741, 342, 0, 3.66%, 10, 0, 17, 1777.55
1669707999, 2, 12, 741, 340, 0, 3.66%, 10, 0, 17, 2265.16
1669708004, 2, 44, 741, 339, 0, 3.66%, 10, 0, 17, 2300.64
1669708009, 2, 45, 741, 338, 0, 3.66%, 10, 0, 17, 2244.99
1669708014, 2, 47, 741, 338, 0, 3.66%, 10, 0, 17, 2171.43
1669708019, 2, 59, 741, 337, 0, 3.66%, 10, 0, 17, 2316.85
1669708025, 2, 75, 745, 339, 0, 3.66%, 10, 0, 17, 2279.19
1669708030, 2, 83, 746, 339, 0, 3.66%, 10, 0, 17, 2243.93
1669708035, 2, 97, 746, 338, 0, 3.66%, 10, 0, 17, 2273.86
1669708040, 2, 109, 746, 338, 0, 3.66%, 10, 0, 17, 2319.46
1669708045, 2, 110, 746, 337, 0, 3.66%, 10, 0, 17, 2344.75
1669708050, 2, 117, 746, 336, 0, 3.66%, 10, 0, 17, 2334.98
1669708055, 2, 118, 746, 335, 0, 3.66%, 10, 0, 17, 2336.84
1669708060, 2, 119, 748, 336, 0, 3.66%, 10, 0, 17, 2313.86
1669708065, 2, 748, 749, 336, 1, 3.66%, 10, 0, 17, 2323.87
1669708070, 3, 25, 749, 334, 0, 3.66%, 10, 0, 17, 2321.38
1669708076, 3, 64, 749, 332, 0, 3.66%, 10, 0, 17, 2330.16
1669708081, 3, 81, 749, 330, 0, 3.66%, 10, 0, 17, 2317.84
1669708086, 3, 92, 749, 329, 0, 3.66%, 10, 0, 17, 2304.89
1669708091, 3, 120, 749, 329, 0, 3.66%, 10, 0, 17, 2325.91
1669708096, 3, 125, 749, 328, 0, 3.66%, 10, 0, 17, 2320.57
1669708101, 3, 127, 749, 327, 0, 3.66%, 10, 0, 17, 2299.46
1669708106, 3, 142, 749, 325, 0, 3.66%, 10, 0, 17, 2341.85
1669708116, 3, 157, 749, 322, 0, 3.66%, 10, 0, 17, 2305.68
1669708121, 3, 167, 749, 320, 0, 3.66%, 10, 0, 17, 2274.04
1669708127, 3, 185, 751, 322, 0, 3.66%, 10, 0, 17, 2302.69
1669708132, 3, 190, 751, 321, 0, 3.66%, 10, 0, 17, 2336.80
1669708137, 3, 191, 751, 320, 0, 3.66%, 10, 0, 17, 2330.92
1669708142, 3, 191, 753, 322, 0, 3.66%, 10, 0, 17, 2304.55
1669708147, 3, 211, 753, 321, 0, 3.66%, 10, 0, 17, 2294.42
1669708152, 3, 229, 753, 320, 0, 3.66%, 10, 0, 17, 2265.97
1669708157, 3, 235, 753, 319, 0, 3.66%, 10, 0, 17, 2281.31
1669708162, 3, 250, 753, 318, 0, 3.66%, 10, 0, 17, 2285.76
1669708167, 3, 252, 756, 319, 0, 3.66%, 10, 0, 17, 2285.46
1669708172, 3, 261, 756, 318, 0, 3.66%, 10, 0, 17, 2289.24
1669708177, 3, 261, 757, 319, 0, 3.66%, 10, 0, 17, 2300.02
1669708182, 3, 262, 758, 319, 0, 3.66%, 10, 0, 17, 2304.09
1669708187, 3, 262, 759, 320, 0, 3.66%, 10, 0, 17, 2305.94
1669708193, 3, 262, 763, 324, 0, 3.68%, 10, 0, 17, 2281.11
1669708203, 3, 604, 764, 324, 1, 3.68%, 10, 0, 17, 2263.40
1669708208, 3, 604, 765, 325, 1, 3.68%, 10, 0, 17, 2310.51
1669708213, 3, 604, 767, 327, 1, 3.68%, 10, 0, 17, 2277.44
1669708218, 3, 760, 767, 326, 1, 3.68%, 10, 0, 17, 2281.81
1669708295, 3, 760, 772, 331, 1, 3.68%, 10, 0, 17, 1590.14
1669708300, 3, 760, 773, 332, 1, 3.68%, 10, 0, 17, 1584.04
1669708310, 3, 766, 776, 334, 2, 3.68%, 10, 0, 17, 1867.32
1669708341, 3, 766, 778, 336, 2, 3.68%, 10, 0, 17, 1979.01
1669708346, 3, 766, 782, 340, 2, 3.68%, 10, 0, 17, 1948.94
1669708351, 3, 766, 785, 343, 2, 3.68%, 10, 0, 17, 1966.62
1669708356, 3, 769, 786, 343, 2, 3.68%, 10, 0, 17, 1408.56
1669708545, 3, 769, 789, 346, 2, 3.69%, 10, 0, 17, 1218.33
1669708555, 3, 769, 792, 349, 2, 3.69%, 10, 0, 17, 1173.43
1669708565, 3, 786, 792, 348, 1, 3.69%, 10, 0, 17, 1166.96
1669708637, 3, 786, 793, 349, 1, 3.69%, 10, 0, 17, 962.52
1669708822, 3, 786, 797, 353, 1, 3.69%, 10, 0, 17, 1098.90
1669708827, 3, 786, 798, 354, 1, 3.69%, 10, 0, 17, 1110.98
1669708832, 3, 786, 799, 355, 1, 3.69%, 10, 0, 17, 1122.05
1669708842, 3, 790, 800, 355, 0, 3.69%, 10, 0, 17, 1064.33
1669709111, 3, 792, 800, 354, 0, 3.69%, 10, 0, 17, 847.20
1669709360, 3, 795, 801, 354, 0, 3.69%, 10, 0, 17, 988.28
